video_id,compound_score
zuKX0fPlo2Q,0.9394
UJKl7ToDi20,0.8954999999999999
dsH83p_mfEs,0.8493666666666666
94U8bow4CU4,0.8211
fc_oYX7JJ-U,0.8208333333333334
lJj66BCiZWQ,0.7852333333333333
Ekc7lWx0468,0.7667
T_t-ByJoDgM,0.759248666666667
SmfWvo4cMpU,0.7581702499999998
KQ19fT4BQQU,0.7552
K20YGjVkZRw,0.7208022500000001
kKjY7wDxF2w,0.7182199999999999
f5F2whaRzqw,0.7165571428571429
IOp8n5TzcSQ,0.712361111111111
vo391vKvD4s,0.7052297500000004
_zl2GV89_GM,0.6979666666666667
mi52IqpOp54,0.6645
Iuc0O_Ryq18,0.663485
BMCLQf75ev0,0.655312
8fH_PAi6Yf4,0.6533485
CK-0c50Si5w,0.6429460000000005
aRgTLb5EbiQ,0.6359842500000005
C7ENj3R4Z5Q,0.633984
VVYhDFiTvqU,0.631672
yWatz9TAgT0,0.6258973333333339
S-a8NVEUO4E,0.6249
U1ArsQ72hRA,0.62044
wiBhzhQu_2c,0.619783333333333
cPZ3u1z8kU0,0.6187870588235296
hQbeB0YXLhs,0.6181983333333337
j3MvNvV27hw,0.6181829999999999
pYggEswHnos,0.6180906666666665
oD7nZouNyDA,0.6157714999999997
cq50fkILrwM,0.6140819892473115
AHrCI9eSJGQ,0.6128544999999999
p25S_5P6ejg,0.6095746000000002
1kHmFjHzR-s,0.60728175
0d6eJcWYqBc,0.6060869999999998
NheUm_izr6A,0.6038954545454546
Uw3eeaFT5Rw,0.6021090000000002
ei6FVbMysc4,0.601791
IEGEovFX534,0.5996323170731708
UejIDD3lhEA,0.5983
_iBpGz54ngs,0.5979115226337449
4Rg-YN7XFcM,0.5962731707317073
DtsWj9XiOIY,0.5962712500000003
FlwK54Qun3Q,0.5960965014577256
JxEj2ZjgNzs,0.5928734999999998
cviyIIvBlto,0.58876
Fzt75I_Zi14,0.5876333333333333
6v-oVPROexw,0.5852029999999998
EgUXkpAyqps,0.5839047619047619
6HXaooyXjds,0.5832753541076489
0tOUQt5fem0,0.582246153846154
ZWTlL_w8cRA,0.5804821999999997
1wwwXCQyIRA,0.579967670682731
UApJ0enDJTs,0.5789039999999999
40M4DF8aIYs,0.5784814999999999
s7eVr-OUYkQ,0.578384090909091
4F2KWDQQMhY,0.5779980000000001
c5vSFtnWkDA,0.5778152000000006
PHpMh4E4KKQ,0.5770921212121214
I1P7GoZcZpU,0.5757048611111112
Zmi9iQp6944,0.5756799999999997
bpy5Kfdhp8o,0.5729545454545455
IA9vLOmFyp4,0.5717886666666668
mvuN2LQf09o,0.5714687500000001
ciXIdvfejn4,0.5682939849624061
is7Hx7B5e2c,0.5648700000000002
pOZ5FrTMQMA,0.5616915999999996
o0hMhEsMUs0,0.5598639999999999
x7cwR2G-5Ng,0.557876923076923
LSYc5HvyXKo,0.55686475
lBp01IbxMEg,0.556444262295082
RbXYadQw1C4,0.5551116666666664
8ijNvyEbQ_g,0.5546098360655738
W7DErx-Yg9g,0.5537262500000003
7k8PFMQQIxI,0.5529104
y9vsRUmPCKk,0.5516444999999999
bAMinWdgUCg,0.5508013333333334
f3uF3EpSZMw,0.5502480000000002
6vGg-jJl30A,0.5498004999999999
VSRz1ReNg3Y,0.5492185185185186
y_h_1uN2RQA,0.5481809999999999
k8T9SMqAqyc,0.5461155000000002
SIyW-80e_v4,0.5456574999999999
FMVw_Ty8qTY,0.5452300000000001
K9Qn3Gzm2ig,0.5446073684210527
5Vd10gwNJRs,0.5445112403100772
Q7o163QU8CE,0.5441870000000001
fM6JOfiAPgQ,0.5436030000000001
MKMgoXEpO-E,0.5433949999999996
XYURnv4Ld2M,0.5408240000000001
8ropWor8aAM,0.5399220000000002
eP_LYrgztRI,0.537397
mR3-KaWftIo,0.537133333333333
Bn7ZtoFTm2Y,0.5363109999999996
rRZp93mMZaI,0.5348058139534881
RSJ2mRqL1cA,0.5342333333333333
IvQQJmWdtH8,0.5341840000000002
DeIaemmxMl4,0.5338067499999998
M7XdnYiQKjQ,0.5316562499999997
xGzppQWQvq0,0.5303078817733989
tku0H7YeMeA,0.5302428571428575
JKZM1uTWBJw,0.5295148148148148
5QCv3dJBPyQ,0.52919525
y8fZDZHSl7Q,0.5281355614973262
uZ8L6qLeC74,0.5281355000000001
btSvAjUrBhU,0.527814
9QZb-659ZfY,0.527128
4CyvvCx6Us0,0.5225826666666666
b-znn2eQL08,0.5224970000000001
AQa9pEkQ_0Y,0.5216112
xA70bP5uzao,0.5209015000000001
Z9svINZiBdU,0.52063575
xTyTQgb-y-A,0.5131797535211272
7uOvL5eLpeE,0.5130697394789581
-LoSw4o2zDQ,0.5129090000000002
5DDB6YnVCoA,0.5119689419795221
Rew50oYjRqA,0.5103740000000001
DdA7tUIzA5Q,0.5103296666666675
wHrpTT1-fPg,0.5100217999999999
iTUsiJh9PgE,0.5098207500000003
RlduVwzqK2o,0.5097082500000002
zWxo4uZW-1I,0.5091959999999996
vp_Dbt3FPDs,0.5084300000000002
vS_NlXmPB3I,0.5067607500000002
B1TJp73shl8,0.5049701298701297
AaGVAaGylgQ,0.5041969999999999
RsCsBqIlnHw,0.5031035999999997
qi2uOOAKJjY,0.5028113333333329
YjtRY28Pe2o,0.5025402777777779
7bdZn5MKugo,0.5019034000000001
mPw8v7Zix5c,0.4982911111111111
fQxLlq7lxVM,0.49805549999999976
HUgYoT_xEFY,0.4976706000000001
yCcghtLzNRw,0.4975
dRX0wDNK6S4,0.49734533333333353
fLLe5sODKtg,0.49727275000000004
ydbxmm88-As,0.49713333333333326
BdTpRsW4azY,0.4932045226130652
edMOQR_r2v4,0.4927844999999996
H3YE_oGD05M,0.49278232323232307
wUHWzsF_qJM,0.4922608
Z0mzCVe_onw,0.4916538000000001
IcYbVguyp6w,0.49115940054495955
JgYfZAjOgEM,0.4905769999999999
1lOd7rDFYbc,0.4904725752508361
11S5tcT2Tm0,0.4901671666666665
G_wmoWfZQAM,0.49001420000000023
ZBo1S6YZXa0,0.48924650000000014
IqLi6Pn_rVo,0.4888710000000001
c3pFWJCQy5E,0.48853299999999983
sa3G0vBlucg,0.4883667910447761
tSRg5cFIxI0,0.48737700000000006
QJVlhvyLmPw,0.48732564102564085
7GmcH_Lmkvw,0.48654652406417115
yiblDn4JGfQ,0.48500099999999996
q1PgzYjpjsE,0.4849339999999996
j5YSOabmFgw,0.48214885714285727
hMfIIxf8ADo,0.48088550000000035
3N5WORQxQUo,0.4806770000000001
QvP8fd2W_6A,0.4798239130434783
7TVLt0sbBO0,0.4788444444444444
5al17hlhowA,0.4776235
wBjAmThxDpA,0.4767
D6zUj1tKxiU,0.47669999999999996
V-_HM2bRa0E,0.4748069999999999
qQGY4NerwOg,0.4742666666666667
41taYOq1kVY,0.47293233333333357
3WEvgqcP8mg,0.47262
3zrZE68Qrrg,0.47238700000000006
uB_Kx6T3wq4,0.47218800000000016
GVvqt-8-fz0,0.4712313333333331
GmSUlGEd_A0,0.4709
9ZWUKMDjysc,0.47086
YrTKLZi6rqk,0.46988824999999984
GttcbM4GxLo,0.4696085000000001
SeUyzOP3mys,0.46953499999999976
puxAgWMzGqw,0.469519
o0Ddl1DI-go,0.4692506666666663
FfRGxN2zeWU,0.46908860000000024
5eSSL8hRU_E,0.4685017543859651
X2tejP45Lwc,0.46810175438596513
vpJba2qIXjs,0.46769999999999995
_r5eTelhpmQ,0.465914532871972
8Lv3tW7bWzU,0.4658986666666667
rWKz0ZC_G6U,0.46551575000000045
G3fZBW_okks,0.4648160000000003
x5Ps13AeXxQ,0.4648103999999998
xPS7bqBePSs,0.4645659999999999
AzNIUMW_G8M,0.4644577499999998
Ybbii2XIavU,0.4636689999999999
adfcVmu1bmM,0.4631811999999995
pSMCldcVGgA,0.46281590909090853
n530GFrdPY8,0.46269921465968605
F66vX1WCRbs,0.4621699999999997
nL9bZbv2aXY,0.4614827500000001
p_P9J97ELlg,0.46075000000000055
aDuB1arf8aE,0.4606257499999999
ErWde9LVg0A,0.4606132500000001
0fsKoK9yLE0,0.4603466522678183
xEKSJLaiZa0,0.4603363157894736
hM_kejkWeHU,0.45992800000000017
_Pom2EYv3NM,0.45961080000000004
rh8b-Ibzkfg,0.4591793333333335
eN6JVKmMUhw,0.45883266666666683
ftrFGwlYO7w,0.45842400000000005
VRX84VjIQVw,0.45832647058823534
EoejGgUNmVU,0.4576837500000002
JvkLPE8efME,0.4575291999999999
jXQitd7ahV4,0.45691943887775555
rl4ofGm2aNI,0.45499940000000016
5XpbCWsHWKQ,0.4546174999999997
eERPlIdPJtI,0.45414683333333383
AC83xjb5Njw,0.45355766666666664
gzh6tcMsyoQ,0.45348571428571427
3yoGE3v4A8w,0.45303150000000025
gLj21uNEzqA,0.45170174999999974
Gw01t6btiR0,0.45109149999999965
16-xMnzDQ4M,0.44960399999999984
taKGnsqeCPs,0.44902699999999995
F1DxLQbx_bU,0.44882031250000015
Lp2TXZ3wzjs,0.44787361344537835
n4wFyyW71zs,0.4477504999999995
MiFeES9uOSo,0.44759307535641585
FgW2kpNQ7BY,0.446725
2zISrf-7V3U,0.4461826000000004
qDhbIEuwRRc,0.4457606666666668
R3dQpGJQI18,0.44377500000000014
RxIh_0q524c,0.44369349999999963
L6KZ6egpKGM,0.4434739130434781
EbwIKveO4qU,0.44287124999999994
o1vV0oorclg,0.4428170212765956
UuOAs0IiEI0,0.4419126000000004
XfiXby489Rk,0.4398092783505153
8I8G5XQI9_w,0.4394600000000001
48dQekjzI6U,0.43916374999999985
5otKiSs3AeY,0.43914818652849713
Z7R8XRKqHAI,0.43907683333333314
2nFO0sMs9Zs,0.4390191919191918
u8f6k9vjl-A,0.4386241206030147
CzJPjtyEZjE,0.43821609195402283
JZDM1bLn7sM,0.4381324999999998
gDf4RpaMFrk,0.4381171717171716
iV9PEBuPwSU,0.4378500000000001
j9g7FpCSF5Y,0.4368411764705882
-Jdc7FXupWQ,0.4363824999999996
MHzktkbjDOE,0.4350890000000005
rAh_16nooZA,0.4349069999999998
Xf4IYI9Gj7Y,0.43395849999999997
J_qs-CH715g,0.43370499999999984
07v6qA2l3n4,0.43333500000000014
pwHvK07tUuw,0.43298800000000015
aEcbuccnjLc,0.4327409090909093
hR1nU9IJsoM,0.4324286666666667
TE0UWh9Nob0,0.43232699999999985
aircAruvnKk,0.4319014999999997
uCVuyIQZ-lA,0.43169760000000007
unByRjDRA34,0.43165549999999947
UxrTnLgO1YM,0.4313954887218044
xsWO0dRf1p0,0.4309086345381525
LSEoaPGFGHY,0.43013207547169807
9CILSvf1snQ,0.4298956521739132
vWmjyYh64vg,0.4297894999999999
O-eWLaO3gy4,0.42870383333333373
pqdaskhEa0I,0.42869464882943126
iKzRIweSBLA,0.4281375000000003
XswVWE0Jq84,0.4275267857142856
xffuHHjO_Us,0.4275045
sgBGvgxuXvQ,0.4272276666666665
N_zDcuX1Y54,0.4261005999999999
CwfoyVa980U,0.42490666666666627
xHzL1lqNny4,0.4241504999999999
r30snlzbYaY,0.4241217499999999
DyA64VLVfds,0.42312456140350846
OudFElslbh4,0.4229744999999998
1yYV9-KoSUM,0.42277663316582914
rjINNeC0DFA,0.4225869999999998
NGPK44en2ME,0.42252999999999985
SjZWJoNYpHI,0.4215515151515143
HIdRXXjIthQ,0.4212800000000002
GtBcWxjioiM,0.4206164999999995
RIz3klPET3o,0.4204425000000002
7KbjNfCV-lY,0.4199694999999996
UtWoJUrnkGw,0.41980515463917517
Zwq8UlsT1Tw,0.41978
AR764HY82Cs,0.4197047619047618
wqcHGWG8MLQ,0.4189319999999997
HMT3wb4h234,0.41890749999999977
1eQXF7JbbGE,0.418156
KbYCmEptlL8,0.4179558000000004
a9Zi-RhcOGs,0.4179166666666666
qvXXMsiQBDg,0.41785860000000014
HkoGtBEA1co,0.41782549999999985
cL8Ls0tEMcc,0.41679899999999986
fuVu3elWRXc,0.41675000000000006
FcPs-bMkUjo,0.41659925000000014
nj0CoMTpcUs,0.41648249999999976
4W-pZrhu798,0.4157586
AoQMHzkj2x0,0.41486799999999996
FvcNr_5uWgY,0.41422716666666676
FyLtlW3hHwQ,0.41376500000000005
yFMZl_nYkbw,0.4128757499999996
xBU77C4cpTk,0.4123288814691153
Jc2x5aHCs6g,0.4119789999999999
fS5xHHqW-6E,0.4116121666666668
v8t0ASudM-o,0.4114289999999998
GWKI-CoCCTU,0.4110301999999999
bAdqazixuRY,0.41098466666666666
Q07Cp6tswnQ,0.41077880000000044
vVnJKV8aScc,0.4100373188405794
AX8-YzMKZhQ,0.409986
L3f7_y9UPh4,0.4093459999999996
UkkPCObPShA,0.4091550000000001
hBaiNeNZGJU,0.40907225000000025
Zo1pCjsjf6I,0.40850399999999976
paXOkGMyG8M,0.4075100000000002
UdHopftQD3A,0.40681124999999974
scQBjsQNgVQ,0.40614875000000006
DkWL232Vzao,0.40505841784989904
roiPLImXMoc,0.40496060000000006
73kIG3HcFq0,0.4044529999999999
fcubmjoGH7I,0.4036170000000004
b7nxDshnz9Y,0.4035818181818182
K28Az3-gV7E,0.4016838709677419
a6Zj09zFXbI,0.4016589999999999
mWFaxs-KvMY,0.4015346666666665
S_DltnHeJ-M,0.40152600000000005
aZkqHx5uri4,0.40139649999999977
Zy6vBxqlapw,0.40049599999999985
O78Lpo4ctSE,0.4004065
nqnkBdExjws,0.40028019999999986
GSmUd7p3r34,0.4001323699421962
XIUGqfTkaWk,0.3999107500000001
IHi5jq2P_Zk,0.3994032500000001
KUCHBBCj77I,0.3993299999999999
gmXuUgB7T3Y,0.39909550000000005
zAXn-v9RdXo,0.39873333333333333
TSxt2_QM4N4,0.39859625
8I0pqPWfjWU,0.39796666666666664
KT0CE5GIjSA,0.39778949999999974
TZRuwzX94Kw,0.39776428571428585
tl6w1-IlyDs,0.3973785999999999
njR5pdGCn-o,0.3971224999999996
ZGlYvprDKNM,0.397067
MMEgnbIVWXc,0.3962518987341772
X0I7RRaahiM,0.39598133333333285
b1wlmTNERqE,0.3954996666666664
CwLGro-dFWg,0.39521614285714374
zTjcPeb2Gwg,0.3952006666666667
wXGewTs-e-I,0.3950829999999999
39wPXnFMypY,0.39493535353535353
QpfgRpL1VVk,0.3949319999999998
uHCW6nfbosQ,0.39452960000000004
_Z3P18GHej8,0.39446619999999993
WCYHrvLTaqg,0.3944181564245811
b-3YW03RR0I,0.3943384999999999
o7H7xdjGnCc,0.3924670000000001
nOQh4NXZ2wo,0.39229449999999993
9HIkG6vMk6E,0.39155819999999947
1kVLpFilePw,0.391537
JPTB93NS_8M,0.3914604999999996
XCWmONajkOg,0.39125599999999994
NTe6-26-fHg,0.3911619999999998
0pwttmAYCTw,0.39084500000000005
HcNcOnIkQQU,0.3904522499999999
ouJwpthMfkY,0.39031899999999975
YmnxIsRn5nw,0.389567
avlEK3PTvw8,0.38952125000000004
_yvDc9t1gZE,0.3892536000000004
_StIv9i6as4,0.38911699999999994
e7acWkAb1dA,0.38845850000000015
YjS-QrzTJz8,0.3884410256410256
zyPIdeF4NFI,0.3884245000000001
KPqtlI3aJIE,0.3883105999999999
C9LMDZTg17Y,0.38820400000000016
dDiCuZTjS18,0.38813654618473914
ZtXkNMbjOEE,0.38781816367265515
WYoWaouvXXA,0.38773049999999976
A9U5wK_boYM,0.38762999999999964
7_GaeAoLMWY,0.3867569999999999
o4os5TXo6Vk,0.38642350000000003
xnSew-tCuPo,0.38572825000000016
DlDozGvAUto,0.38492174999999973
qZVm-2nM0sA,0.3848259999999998
NMPnIn52KM0,0.38430000000000003
jzaRIWMxz0Y,0.3841041666666667
oK4me2hI_Jo,0.38389874999999984
ksdAs4LBRq8,0.3837839999999997
CdHV7Uzw2E4,0.38327533333333286
adgAxnflvOE,0.38187933333333296
g85RGiOgUtI,0.38160924999999984
Y5fwGxJjn5E,0.3813696551724138
vxl7glJMKOQ,0.3812952380952381
b0O5JtyNqek,0.3810063333333332
q3br7KKr67o,0.38070174999999984
Gv69uNr3Tf4,0.3806861999999999
W2gnef0LtBE,0.3806
TH2QRvu97NI,0.38049733333333324
KwcfpkTKEF0,0.3804946666666666
XaE08gz0ogk,0.38040399999999985
3VVnY86ulA8,0.3802653333333333
Lk7iJthBk6I,0.3798525000000001
Jz3E_CCaAXo,0.37978181818181816
zKriLekFPwg,0.37948942857142853
yESCuF5dsYs,0.3794189999999999
DUMEmGUc7yc,0.37941155778894475
lO9d-AJai8Q,0.37870750000000014
VY8IqDWZwbQ,0.37867954545454546
WSFJsq_jwMs,0.37843983333333325
6O7x7-srbHI,0.37807675
OLTXWUWcwOo,0.3775459839357431
SHobkpQ9GOM,0.37745224999999977
e2jMJV6UHWU,0.3772080000000001
px7dYqZPk6I,0.37703224999999996
eVwafO-ytnk,0.37643333333333334
rFFo-0v_vi4,0.3761436090225561
jc1_s2c32zs,0.375985
pQiV81L3zL0,0.3753
udnGW3E1vxY,0.3750439024390245
tq7tHN9HBJU,0.37391540000000034
uh3aU63f8U8,0.37391433333333357
5kZi3J2S52E,0.3738835
c7ymY8QEB2g,0.37320449999999994
DdTamlcP-3Y,0.37305200000000005
EUoe7cf0HYw,0.3723113333333333
De9hDyIN6JY,0.372030303030303
fOmwkTrW4OQ,0.37193027522935784
ugWImY8VMzI,0.37190974477958244
9yqdwbJZtSc,0.3718720000000002
R_jKUDmJs1Y,0.37140300601202375
lBspB4K-F-c,0.37104600000000004
0qfgZJNCCJQ,0.3700989999999995
Q3Rq-irFn1w,0.369686
qr1Fpkkad2c,0.36838591549295807
lLOEu9p80rE,0.3681506072874495
twerGCoDt04,0.3679511627906977
qJVOPnfywCk,0.3677190000000001
FMQaJ6ylKs4,0.3676475711892799
FpZ1sIjQrf4,0.3673074
4cfL9nTNugM,0.36691880000000004
bB01zORIGkA,0.3666655000000001
ckXN4Tc6-c8,0.36656075
OHL3J9cKNyg,0.36635517241379306
QqbMpE4dPao,0.3659100401606424
ZyHipL45pwM,0.36583324999999994
pyb7UqbdYTs,0.3657527054108215
Z_GR_l5QtdM,0.3652424552429667
9e6WeQeBjOI,0.36522
CayHgjP1YNQ,0.3648569999999999
WRzqSDyOSbY,0.3642986000000001
ucWPplMZnH4,0.36416649999999984
_GC5AVsf528,0.36386949999999985
q6yzrZfgQvI,0.36374199999999995
1csaGKAjAvw,0.3632479999999999
zPGRU49esCU,0.3626954999999999
LaZQ_gj919U,0.3626874999999999
nAau-s-NvVw,0.36254600000000003
GRDoasFyesU,0.3615452500000002
rCo4gIZu0DY,0.36152860000000014
-_CmfnzbLFc,0.3613107500000002
wAcD3mIjZcc,0.3612599999999997
SmW6p1HwNtw,0.36067121212121217
YpyohRt1meM,0.3599087209302324
vUC8-qbCVWk,0.3599077999999995
fUffrvUjwCY,0.3589
BY3SLVNBkeo,0.3587631999999998
dvPJJUbM8IY,0.3587334999999999
cxLQAuQsOWI,0.35857216666666664
pXFIMdJduvY,0.35690350000000026
CX4KuIBmnjI,0.35678899999999986
IKaMejA5J34,0.35671849999999994
GyxgtAwn34A,0.3563182
fzA6VoZCZlI,0.3545414999999999
_0d3XbH12cs,0.35450066666666635
GG2hY4h0mJM,0.3540770370370369
WPlx5BmZVkQ,0.35398599999999975
OTeIy9tPXpw,0.35380857142857136
LolP3Y7_Irs,0.35344383333333323
QAT8fXZI0b0,0.3533799999999998
JNzCrIcAnck,0.3531259999999999
Wp2TUPo5W0c,0.3530529999999999
rZ2vh8rZd18,0.35276466666666656
LP4qYyTPyl4,0.35190499999999986
8hAdOYDoo4c,0.3518944999999998
LDXr12ToYuM,0.35157649999999985
mQwnQS25xpE,0.3513729999999999
Lv5DFKceFac,0.350957
uWFAD84I66I,0.3507462000000001
7nh2Ra-5kY8,0.3506929292929292
O12Rt0JSDpA,0.35060933333333333
hlaV9oSSfeA,0.3504616666666665
QKgUwKuhQmo,0.35019090909090905
tz_DWyuvX4s,0.35004090909090907
5qkgFES0r-U,0.3497102499999998
craAcv415FM,0.3495491999999999
5Zs_5VghD6U,0.34936065162907276
cVgQV6v_QKY,0.3491314999999998
WoPtuVbaSKQ,0.3489089999999998
GdoNKbGQs9U,0.3484575916230363
lokFoo_QD8c,0.3481904999999999
bpDylTwwunc,0.3481068
nW-aml4r7Gc,0.3478547094188374
15ugV2ASveg,0.34773199999999993
4NJYWgb6dQM,0.3474389999999999
OcT1pSgNARo,0.3463923809523808
RIGgn1s3AvI,0.3463882499999999
GIqhMKlSCgY,0.34598499999999965
2wxyDrfwlXQ,0.3459756666666667
GfqD5WqChUY,0.3456727499999998
o8R5f2kNo0A,0.3452617499999998
KEBDxhqhzF0,0.34509619999999974
8RlChzDl1Tw,0.3447212499999994
REyxoxScrbU,0.34453199999999995
3x-sUsazQ90,0.34417849999999994
M4cnP08e5kQ,0.34380499999999975
iIOkX77kT8M,0.34361499999999984
2jvi4e0NIHs,0.3429194999999995
T2rqOvijMBk,0.3428187500000002
pxVO5K8jmdA,0.34248533333333325
yJZh9NWdXrE,0.34187149999999983
AOQZNHueNQQ,0.34175164556962
BidMbVRT8NU,0.33978700000000006
bZbI9rmpaEw,0.33883299999999994
iIYXR4axaJY,0.3382058333333333
1y7giHbrvcc,0.33732199999999984
C3cwtcomilA,0.3370142857142856
wHSJljq_41I,0.33666099999999965
BNRUV3TuExQ,0.3365
ddJ7HLIfJdk,0.33634699999999973
M3siIx0W8aM,0.33634266666666707
XA_jAJ-dWyQ,0.3362082499999999
uA4STm4hx7Q,0.3361397999999998
kZLshuD1gmc,0.33515863309352506
YF2DM84NDt4,0.3351502499999999
xtpM8cBES3k,0.3348484999999999
U2CqZNd6rgM,0.3346849999999999
tp9aQXDFHbY,0.33391079999999984
941Bl3oxk8Y,0.3337866666666664
ZymSrDfLhW8,0.33363899999999985
-SiRV2kWIxg,0.3328054054054055
z2v_rL5C8C8,0.33259440000000023
eMgmJEaYs70,0.33241824999999986
tlACd8CquRk,0.3316926421404681
hhREiAarjVY,0.33169049999999983
8rhb5wTCero,0.331537
hwthovxn3zM,0.33129064039408845
4VgnTrbaQWs,0.33092833333333327
zhtliiCSYb8,0.3308579999999995
aysB58GG3uM,0.3306852499999996
TO5cYWd12lQ,0.3306547499999998
TV-_Yuc228s,0.3305149999999999
t4QwhVt5Zk0,0.33036533333333346
5LXqVd_0cjs,0.3302279999999999
wmiy00-NqDk,0.33022100000000004
mEYKFjd7aHo,0.3296
-CEuQhqNzz4,0.3293730769230769
8QKP7LXWlHk,0.3290593333333332
mv4MRmwXJMM,0.3289540000000001
cABm1SlrtDY,0.32855639999999975
g_ekn1gjBq0,0.32847096774193546
pZUgK5EAOGk,0.3280308270676693
IpJGlaxUUp8,0.3277032258064516
Lv3Uy2rjgCE,0.32760959595959593
EbthMC6spAE,0.32747460000000006
5DG26XDPpB8,0.3274584999999999
HcEKGxJ-khM,0.32696756756756756
cyN6GMY78D4,0.3268523999999998
tLv3X-aMyWQ,0.32679099999999994
VPo2k2z7Xqg,0.3255477999999999
H8t5M9_Tvzk,0.3254364999999996
ceLV1v3mV4E,0.3250909999999999
H_A0Z4S30Ds,0.324844
XovZ04gmQgE,0.324629
BpT3gx3s0ns,0.32430866666666625
o97_jDomyqc,0.32392540000000003
IvFw9zhIYkQ,0.32372924999999997
3QtHD3-N5nI,0.32368924999999993
42G_XzaPcPo,0.3235084999999999
Vjc459T6wX8,0.32308966666666644
OmTb_ea1K5U,0.32300666666666633
LyEY0sNQIGQ,0.32298324999999983
ARSNaSeT9hw,0.32272699999999993
gMhysL2A8Qk,0.32270540540540543
hg5yXLhl3CQ,0.3222
np4Nw0tBun8,0.32194674999999967
ntw32kYDryM,0.32139999999999996
rBs4AGCR3yU,0.3209666666666667
ebzims_XwpM,0.32095799999999985
iL_-GwbEP4g,0.320917785234899
r_Vv6abqauM,0.32049939999999966
kFx0h3YDXz0,0.32048799999999994
PnbKgdNUPlM,0.319789
sNSzJiF4sB8,0.3197818181818182
LVPIM06bMJo,0.3193212499999995
2qiBTkVRp1U,0.3192247999999999
UqmxHwLI9yg,0.31906199999999996
y_nuMEtwUW4,0.3190081632653061
FSOxXsYVJMQ,0.3188760000000001
bF5sIEuv83k,0.31870849999999984
ScNsBpQ8KIg,0.31863199999999975
lDATIqC43aY,0.31845
etn4P80K5WU,0.31774949494949467
PgeJ0XYuI2E,0.3174370000000001
4qxqtwNu7wg,0.31713849999999993
_38JDGnr0vA,0.31631800000000027
YYmlI7yT9cg,0.3160973333333333
18HD7Y3tT9o,0.3160844129554656
ZaB6kENkGVg,0.31593274999999954
ktc8XDBq93k,0.3156802675585282
mGibr5Uy04w,0.3156493333333332
t3oar3hIDWA,0.31552100000000005
nrzbCPOcIJk,0.3154952499999999
WMAtfhATTLg,0.31540049999999953
SMinvx9EkPs,0.3153407766990291
ZT1JsE_YbFs,0.3150612
zJufeAMRHy8,0.3150186528497406
6ErzVDwcla0,0.3138764705882353
ljXSjIph5ZM,0.3138335000000001
KSCPfaRyzgs,0.3137519999999999
VCVjbrt30tY,0.31310299999999996
22tF3y_epZs,0.31294449999999985
2QA57665QM0,0.3129082000000001
AZTGeQ5msaU,0.31274814814814816
tUPR5-igTVY,0.3126749498997997
OthEKbkPftk,0.3124732954545451
Cz3Coxi9D3E,0.31241774193548366
-tCu0tKrzhc,0.3121409999999999
Ty7YYxfFRtA,0.3110109999999999
SGuUAtJ8yMM,0.3109460957178839
HYWiIWpcCIM,0.310045
aepr6ynzeX4,0.30986033333333335
tt2k8PGm-TI,0.3097589999999999
a6y01PSb6qU,0.30953348623853194
uAI5rSiGyNY,0.309452
h_mpwaCJUrY,0.30920000000000003
PPg1gN_ey2o,0.30919399999999997
ykvX-E1nuag,0.30802349999999995
jizvSedEDDI,0.30787749999999997
rUkHLs9RHP0,0.3075756666666669
zmg9tVaMVd4,0.3071097999999997
TxIO9IiU8A0,0.30642315789473673
L_vQW3xQEhc,0.3062749999999999
i2kJUYeb1Kw,0.30597399999999986
0AaApxaD170,0.3057585
6z-X4r5JkyI,0.3049399999999997
Rdk4d74j3p8,0.30473700000000004
HjkmacUCJw8,0.3044908571428571
nJPCUTDN0ec,0.3042633333333331
7Gw-lN270qs,0.30425588235294115
yARn15Ks1DE,0.3038414448669201
-C-LJUD2LWU,0.3036814999999999
pAsN4lSa7O0,0.3031999999999998
sQTnREEtuNk,0.3029096774193548
tBN9kLaS-uw,0.30290157367668114
v0zIWuPHbAY,0.30260349999999964
AZDiPT4PuHE,0.3019464999999998
u6iVspBWzZU,0.3018255
Z8aN5L-oDOw,0.301238
qXH1dVI8Jic,0.300971
05v4nfUmBYI,0.30058919999999995
r3wQ8ISV4wc,0.3005212765957446
HsiWOp-ImoE,0.30049440000000016
qqNn14l7hhA,0.3002815
bJW2678K3XE,0.2999
PbW14E2eHJ0,0.29950619999999956
k0WRpQU9zK0,0.299401
S0G5EloK3LE,0.2992205000000005
25Qq8k7V83g,0.29904761904761906
Q2Ku7ELCBag,0.29897199999999985
pCSgWJzEvrM,0.298829
N4Jb3gkrGXI,0.29858699999999994
RE-far-FvRs,0.2985169999999999
TPnuT2TLvLQ,0.298422033898305
9E3wYGXnUqY,0.2979511022044085
9k6S9v0FKzI,0.2969780000000001
DvbYf4eyGFI,0.29648749999999974
TXo-qOQNK3E,0.2964822499999997
mYphOR0Jegw,0.296119
nivfxoep6Rs,0.29610883333333327
gOsM-DYAEhY,0.2960141999999998
ASRxQ6uiVuo,0.2960085999999996
rFaoaCJ1R8o,0.295725
7KS2oJPzeZk,0.2956043333333332
aTF84_CqzxQ,0.2956004255319145
zFnvAbX96gM,0.29553049999999964
mOrdWbqp85E,0.29529017632241805
_n0Ps1KWVU0,0.294929
BBn_fo8NprY,0.29468000000000005
tPiaduBZHRU,0.29465656565656556
pU4uLAI48eY,0.2942456666666665
65fZOBR0pmM,0.29340180000000005
8z2RgsLSn-c,0.293379
kz7-ZKcyBBE,0.29331024999999994
uNseVux0CA4,0.2931885080645159
yIq-N7m0upU,0.2931695000000001
Rmg5fLRBkZo,0.29316024999999984
iGHDJ2_hsKE,0.2925683999999996
F9IOTQ3q8Z4,0.29243535353535355
56kiI-JKSdY,0.2922089999999997
x9VBzdkHMBU,0.29213950000000005
sRAp2MO6TUY,0.2919269999999997
3ImE5jhnOt8,0.2916723999999998
iv1zeGSvhIw,0.29120139999999994
GBWMwbDxcO0,0.290833
kAphgHhlteM,0.2905635
nMABVXrg3D0,0.2903509999999999
6cnobaJFY-M,0.28990375000000007
oUb-TwzDnk8,0.289758
SF-psoWdSpo,0.28972624999999985
tfHCtgyT-oQ,0.2894863333333331
H7ojygIbMYk,0.2894735897435895
mcRHpJyn4B8,0.2891365999999998
4Yue-q9Jdbk,0.28896879999999975
cWfTBkTJOH8,0.2886191919191917
UQBNfV9sTCE,0.28836199999999984
wHf01y69Ae4,0.2879069999999998
0eKdNcP4xrM,0.2876451428571428
JKGdQjx-_BI,0.2870333333333333
ruTB5jBGXsE,0.28670533333333326
krNNMFpA1wY,0.2867005999999999
U1bpztJkdzk,0.28657499999999986
VGBZ2YfVx1Y,0.28638496993987966
miNpG98Hv1w,0.28622713178294557
BwYPddy_5bk,0.28597785234899326
wRe9jBoBwFY,0.2848051724137931
bkxoHhafkqQ,0.28479100000000007
7wsYiuNERZA,0.2842479999999998
nIZb34JnFEw,0.2841673387096772
MHMdv2D7ndc,0.2839611999999999
T6iLJTy6LNQ,0.28350624999999996
IYvEhgYy35I,0.2834451666666665
1hvdr7RjNRk,0.2834245999999997
lQX0jvVQywQ,0.28339566666666666
-1fzGnFwz9M,0.282873
1nEp6DcHwhs,0.28273449999999994
UIATkLb3MaA,0.2825529999999997
w7h--c54_O8,0.2824150000000002
b3NRvrmKeMA,0.2821760000000001
lIkbdfBAdZQ,0.28099130434782604
dUOUo02v4XE,0.280578
pGVtDzMDJ0I,0.28056979999999965
9XgflsmKnK0,0.280377
b7xndvitLa8,0.28023666666666647
E3DWd2dTiaQ,0.2802231810490692
LTsSGSi9mqo,0.28006124999999943
WP98DDNKQ0U,0.28001233333333314
y5lIKZoN1_0,0.2800064516129033
0501BTnbrxg,0.27895399999999987
dWWQsXRwHb4,0.27862675
5e0LMJRJFaY,0.2783896666666667
57-gdzXqkRc,0.27799016393442627
p-305IQw6-I,0.2773172500000002
TYR_7CeO39E,0.27710200333889834
_elREWy6f9w,0.27676475
bCwjBUHEenQ,0.2767237499999997
OWAf0pD8354,0.2764354999999999
Z5ijKVGjsh4,0.2757363157894735
1WpOhaJe49w,0.27572999999999986
y4BQEzQieEU,0.27545714285714284
oD2HCrT7_Gs,0.275384
vdUum-zVcZc,0.2748657499999999
Kz-3PgnD1vM,0.2748542499999998
uAipi4V5g34,0.2745756097560975
_95NxbsbMF4,0.27437324999999996
pOqiqRHrAHE,0.27403809523809536
amds5iNvFD4,0.27330050000000006
_pc1kON-doU,0.27312899999999957
F4ELqraXx-U,0.27272857142857176
XvPWUkHjWG0,0.27238939999999984
kiFDqOYfgYk,0.2719449999999999
klSWPvDCYoI,0.2717815000000001
CEcrgOuBiUM,0.2716269999999999
zSqbS19xiHM,0.27158799999999994
k1eYiq_V5cM,0.2715572499999997
5IG15ff4Zkk,0.27141666666666664
D1KpuWg2hc0,0.2713857142857143
7DV7TS3XB94,0.2713785714285714
ThPzNokG5uE,0.27087799999999995
4WyBEMxqFaI,0.2705279999999999
ibHFy-mo4Pw,0.2699554999999999
zeZRNG-jVyI,0.2693933333333334
YLM2gl8RGj0,0.2692113333333334
g6piCiaGMZs,0.26903899999999986
nd_EYo96lmo,0.2686755
QlRWZuKPVoo,0.2686579999999997
KdFTi2Z90AQ,0.2682846153846154
vr0qNXmkUJ8,0.2680303999999997
D1IBXE2G6zw,0.2675530000000003
eFDfST838NM,0.2671268656716418
hwNIzQLtHnU,0.26693133333333335
8F_eHiMYQjg,0.2668153846153846
tUKgtLyu8yI,0.26651974999999994
76WkDuiAjeY,0.2663918000000001
ZW4jOlyj-sM,0.266387
5Wiio4KoGe8,0.26601783333333323
4kX7iBnoivA,0.26501719999999973
ELQfBOJOds0,0.2646345
MpblOsqweUk,0.2644583333333333
9dobJDxPEzM,0.26444624999999977
r1f8hd4yh0c,0.26423567839195977
nvAhI3ZjnjU,0.2637825999999999
439iY0844xI,0.26365399999999983
gqYZLNMDVJc,0.26351950000000013
Tx1sqYc3qas,0.26319449999999966
IUkNNDg18mY,0.26313399999999987
WY9xOHquZrg,0.26310266666666654
4Sk4n2ggxRI,0.26293007518796985
1z3cp_Mh8bA,0.26286017441860443
G0cDl-vZKkg,0.26277919999999977
fwDZ8uhqJg0,0.26192366666666667
QeBCu1ZSORs,0.26185233333333324
MBdVXkSdhwU,0.26149924999999974
Upqp21Dm5vg,0.26122849999999986
WU_Bbaki3f0,0.26116961325966864
vsEhQOREmrE,0.26113366666666676
7pOXunRYJIw,0.2610329999999999
BHD3uqfbcRQ,0.26028774999999976
mSYEzJ7LM54,0.26008824999999985
-6Zc8Co2H3w,0.25910474999999994
Mhfg2lVpW8k,0.25866138107416875
GjJC5e4VpDY,0.25862608695652173
eoAEp5A-arY,0.2585829268292683
K-zip2qToVY,0.25854
qh7QJ_jLam0,0.2581000000000001
Qg7YzqCRoZ0,0.25778674999999973
A0lYm7Qsbak,0.2573906666666666
JsTptu56GM8,0.2573554999999999
np1RFbKh5a0,0.25715766666666656
mKee5Xezp_0,0.2562733333333332
MrujGOjzUI4,0.25565966666666656
eM_FR7I2Ttw,0.2555999999999998
F8i8pnZmk50,0.2553482499999998
vgDiV94Hz1I,0.2550015
CyUv2Z_RPnA,0.25475
83ZrTybo2t4,0.25432150000000014
uLxuaQSBNe8,0.25405632183908033
DKY09vZWj88,0.2538795918367346
GjtYtBGrP6Y,0.25364
aUAQGzkAtQE,0.2536
OCCKNCvNbkc,0.253589
Nko0mn3r-eM,0.25345100000000004
bHT4pO0VcXI,0.2531319999999998
PUlfvXaISvc,0.25302615384615396
j9giQP9SX-U,0.25290533333333326
kD6kOB8iCwk,0.25148888888888893
4WNHB8vROg4,0.25111699999999976
lNzrWNjEQjk,0.25102749999999985
9yUZTTLpDtk,0.25076319999999985
J_ub7Etch2U,0.25032559999999965
m59HKBUi3cY,0.2502849999999998
xLZoYh-aMm8,0.2499384999999998
4hqqFqcr1K8,0.24993399999999993
tmGMd2bqh6o,0.24990033333333334
Km_u51OE3VA,0.24967419354838707
fbokWw3b94k,0.2494795000000003
6gwM9v_OwUc,0.2494769999999999
sB29PVm_uYY,0.24874499999999988
0g2lXo-ZnEk,0.24852475000000016
y4D1KtVetKM,0.24845079999999983
7TN09IP5JuI,0.2483239999999999
FNh2ZsQkNus,0.24773319999999965
0R7MQwmbiQc,0.24762030075187938
-B9z3az6Axc,0.2470257999999998
PLDJQondOQE,0.24683233333333324
fM8yID63CSA,0.24681400000000006
oqmSuPJfvJo,0.2467436
5cyiXm7vAgc,0.24668324999999997
04UjShXZbD0,0.24644999999999995
Miww9xXEj90,0.24629874999999996
ZcsE0kjqvAQ,0.24628571428571427
kB1hCteyEew,0.24586000000000002
hjGsGtihBpc,0.245358
6L-nhETPAfY,0.24520099999999986
_Eb9kppyRxc,0.2451152
UXdbCReBTR8,0.24483457142857112
dJ_p4Z_yVpM,0.24458077709611456
Kl-IJigAG8A,0.24444616666666671
_o8vb1BA_c0,0.2443914999999999
hqHlIRZnF38,0.24424375
TrMTFvHDv2o,0.24393699999999993
96LawfHPh6s,0.24374149999999978
Ro3lVeccQqY,0.24371344537815098
jYnoFIgUwqY,0.24353666666666654
tf57O2T-TBM,0.24346842105263156
E6eRA8PnuW4,0.24311699999999997
P00HMxdsVZI,0.2430654999999998
v-eLrAw-gGc,0.243041
zuUQDdWNAPc,0.24298499999999998
VFNwdX5zyCg,0.24276086956521742
xtDJ6uEyvnw,0.24185000000000004
6FgoZiTT52w,0.24180125000000005
0dnd2j_is1U,0.24125000000000002
rBKYvAdXT-k,0.241212
C-V1uXeyGmg,0.2404709999999998
MmAL1EOkLUo,0.24043333333333336
EWeJ7OM3mo4,0.2403122499999999
MdBu21i9aEE,0.2402819999999999
dt__kig8PVU,0.2400569999999999
tOzbDh45Z7M,0.24005000000000004
cmznoInjg1U,0.23991700000000013
JkqTeQHFoBY,0.239739552238806
XF_ARz7jTUw,0.23945583333333312
KKwmCzoXbtE,0.2388467213114755
12vfxYs6F7E,0.23879180000000017
1AxLzMJIgxM,0.23848380000000005
f24IrRsf-lQ,0.23844639999999986
p1WJ01Ij9AQ,0.23842799999999978
AYrTkoRr6hk,0.23833186274509807
Ln4gDwbtKMw,0.2379583333333333
KGb5yAdkcFw,0.23790739999999994
xHvVhhFvLtY,0.23776257142857113
NYD9ByC0c_I,0.2373994999999999
nQDcDZ6rmGE,0.23736424999999975
Wv3RpLvPasE,0.2372146067415731
QCOkDQqGkcM,0.23701633333333325
g4xW9aCg2zY,0.23682724999999974
K19NG3mNhKk,0.23654799999999987
WQyiY5qC_us,0.23631399999999977
OWpSYn40eLc,0.2363128256513026
GlWaXiJVwYI,0.23580299999999998
0VfGA5bE1AQ,0.23566575
f09ne0W6MZU,0.23505233333333328
AQ0b0CRsiVc,0.2348879999999998
ckWQt6cKCx8,0.23477399999999982
c_9iv9HwO5Q,0.2345733333333332
_lGL4Um83LM,0.2345684210526316
oSRXEHsORZo,0.2345329999999997
q0B8k3UPZNc,0.2344055999999999
5qlSfNVp3fU,0.23405660000000006
8WyDjXSLg88,0.23376525
gWzPYsSCExM,0.233198333333333
L6QAx5mqFKU,0.23298849999999993
8rlfu6UX5D0,0.23288019999999984
4LwpGaDKmZ8,0.23283350000000005
8VzoqU5IQT4,0.2325878048780488
1rmAi9XmlIo,0.23186212424849686
wGQtrwey-TI,0.23179250000000007
cIsewG2g-1g,0.23175
cmSphKD18uo,0.23155099999999984
oDIDZ9EmQfA,0.23148999999999986
cFVRCo6-FUU,0.2310939999999998
MTIzurDnEsk,0.2308517499999999
h5kbGO3M--4,0.23083799999999968
cXQUObfBXYk,0.2302934999999999
4YX_1wql-Xw,0.23009600000000013
2UMfEfUR7wM,0.22991809523809514
UwK-WDjdMxo,0.22980799999999996
RsYU2f3Q6kI,0.2295692307692308
yyv2gOHMGEc,0.22947133333333322
Uiccgh2GXzs,0.22943419999999978
Y2GVVC_cD_E,0.22895000000000001
0uUFf8IomLg,0.2288487804878049
x4SheWJkn6s,0.22882899999999984
-uYWFqTPHd0,0.22868099999999988
h9TlaYxoOO8,0.22858433734939743
thD6TNUoyIk,0.22814183333333332
lbgBzgMzVV8,0.22803202479338852
Y5wOTID9JmY,0.22777487091222026
j8ziXMTpkL4,0.22772019999999946
aiXo6WyhCJs,0.22769724999999982
5fsEPf_Uuao,0.22739800000000004
do-9G1s9LSY,0.22724999999999973
AAZbviHZVhE,0.22721939999999993
I1XJEhgJlKQ,0.22693774999999977
2ZfHXn4rmAc,0.22690000000000002
BRzPaDMeRks,0.22650300000000004
t2oVUxTV4WA,0.22650199999999998
4kmSATD25iY,0.22647989949748737
LAYuMpKE9Rk,0.22636315789473685
CsdzflTXBVQ,0.2261897142857142
5Xe0Qd6bUFo,0.22535665236051491
0s8oYNL1M-A,0.22519933333333314
8V3B85bfVFI,0.224838
-QL9dvmddYs,0.22466875000000003
JhyTKIwar1k,0.22448974999999993
XNJmeXb4Y0A,0.22429674796747967
YCYXUi_5kns,0.22411724999999977
eXyHRnDNH64,0.2240179999999999
iwGP_FeheLM,0.2237745999999997
lno7AN8hLvQ,0.22375775000000003
an5vV5aw74I,0.2234829999999998
LXAU1VqbYbo,0.22343799999999978
bnON1y-fKag,0.22256200000000004
F-qdRPUC_Yw,0.22138599999999994
R-wJEtDpKls,0.22118524590163938
vQ3XgMKAgxc,0.22098299999999976
2Lq5pZrbpHc,0.2203874999999997
03IUgOd4GH4,0.2203675999999999
W4YZIAtS-S0,0.22030299999999978
s51nDk3bEOg,0.2202
U69QBI6MK_A,0.2202
DBBt7IhHOFQ,0.21944333333333324
9VQh4wJ76Dc,0.21882363636363633
HpHp1Xp5oDo,0.21848249999999994
dSdSYmXCPXU,0.21812601156069372
XwW6ZWaQ4bs,0.21785999999999994
0dWj2k4FMM8,0.21767279999999986
po5VUW3I8P8,0.21751033333333344
-5sCWsLlTCI,0.21735671641791043
nJSrCX1U1hg,0.2171966666666665
JO7X9ZPoAp8,0.21713079999999987
7YAAyUFL1GQ,0.21642257142857127
wWK5W1b17uw,0.2161015
uoTIcwHK_aw,0.21551625000000005
wOjjdttsHy4,0.21547804878048782
nQwolVLD1MM,0.21524719999999994
2caEL5ATPX4,0.214421
Xa-FV6Oxp1M,0.21431919999999996
ZFF392vAMN8,0.2138632499999998
H4gFlDn6c0c,0.2132664233576641
WHvT-oGf6ik,0.21294500000000002
rrZk9sSgRyQ,0.2127896321070234
SpMhnqnbh0g,0.21275871212121208
xQ4oE_tL7IA,0.2126807499999998
_ANP3HR1jsM,0.21267114228456896
a7Sf_H2cFdM,0.21259933110367885
tY0RWL9k1T8,0.21233157894736837
o9n3bR8VMW8,0.21212024999999962
PJsJ96yyVk8,0.2119929999999998
qLzIaAYFhNs,0.2115041666666667
bvim4rsNHkQ,0.2114650929899858
QfINpLDE_s4,0.21145370741482927
e4HRUcyMvZY,0.2113975308641975
7Cn0-CwintU,0.21114949748743697
M-N8hVxja94,0.21106174999999985
JoNj0KDuDR8,0.21104699999999993
Lwn97mpBCu8,0.210875
IZ5izPbcgG4,0.21086949999999993
kIssu4XLg00,0.2107857999999998
t_LQ0f2GU88,0.21047450000000004
2LkEa-JV9Kc,0.210413
GNTtR6ZpUOo,0.20968149999999988
fBTBc2OA9fw,0.20959000000000003
pqSN7lsPs2k,0.20938579999999982
cnCxc93iCe4,0.20927272727272728
VEoITVHfyGg,0.20904700000000007
6v3BWoddSgk,0.20897599999999988
kKJZqKxpZoE,0.2087275
lg0ldbwZhPQ,0.20834819999999996
kbvS-aeEi-8,0.20818249999999996
msWS8WxRsrY,0.20788359999999984
Flmxl3ZfjVM,0.20783350000000006
-_Q5kO4YXFs,0.20773857142857152
_5ZrSKpbdSg,0.20768621553884709
8I1B4n_8Cto,0.20766349999999992
DuWf6MTOAz0,0.2075849056603773
zV0dpCG-8go,0.20611800000000005
AEaKrq3SpW8,0.2059309999999999
WpddITk3bK8,0.2055339999999998
hwFx0ROBf7o,0.20552974999999993
bcouc6NW4aM,0.20539946949602117
8ZRCdfaAIy0,0.20529859999999991
2pZ2aHWFHXA,0.20522125603864733
vd7LCYVH1vc,0.2050166666666667
0TP1zVBdosw,0.20485199999999976
oySwpCuzQ9A,0.20470249999999993
jkrrdsEzi-s,0.20469099999999987
xGd8KIXqPJY,0.20452153589315508
cvaVRlWltD4,0.204121
fW0Z5XjmEXM,0.20379375000000002
K7pQsR8WFSo,0.20368024999999984
JJc1Tqcu-8E,0.203509
DZHAB3PGlfU,0.20339977528089884
DoQEpaQE5-g,0.20335299999999992
zAtHxJvSczA,0.20330938416422292
DprHLyvhbSg,0.20317999999999972
JtZo62mPEKM,0.20304919678714853
ziwI9E9xF4s,0.20262299999999986
htAqXYmFKgo,0.20236600000000002
-jFgNreZPf0,0.20206039999999975
HUUsEgAe8x4,0.2019348333333332
1Yt1O-OhAm4,0.20193015873015868
x2l1vZ9dvAE,0.20125939597315437
xbBMVa2A68s,0.20121320000000006
iKwMtBR68pc,0.2012114285714286
Hlt3rA-oDao,0.20106362500000013
wULnbo1qtDc,0.20094599999999985
Xqpf1FxU2q4,0.20065299999999997
qFltpuZJAns,0.200598
cMKX2tE5Luk,0.20047799999999974
R8NeB10INDo,0.20016400000000004
wxd_vZLsDSQ,0.2000473684210525
ton42cZ6ZYU,0.20001400000000003
H0bVlfJsR4Q,0.19955099999999978
S7rQSRGGKSQ,0.1994409999999998
5PaDeyRNUyc,0.1992296666666666
doUdRCrK80E,0.1992068791946306
rtk-BLeHv6M,0.19905024999999982
_SzWAfsdZXY,0.19894520547945185
JdqUUKEATiw,0.19893299999999997
thUp8jTeJ9Q,0.19882033333333327
2DTwXdqmRiM,0.19870219224283306
MiQYQQcG1HQ,0.19851624999999992
2WIzsHMcSp4,0.1983068
OZ5kXgYW5cE,0.19807624999999995
8pB3tiuwFT4,0.19802799999999998
qy-UZ5B38-Y,0.19789925
ZYQ1cVRtMZU,0.19767399999999985
cOlibbx5sx0,0.19740399999999997
wB5Hek7Z2b8,0.19698749999999998
a5NIg5yyHWo,0.1967889999999999
RRkdV_xmYOI,0.196591
bZJpwidiMco,0.19639900000000002
mTnRc4pVu4w,0.19610500000000003
DeTu8xSGpEM,0.19554414285714278
OMGO51u4ou4,0.19489579999999976
ofz2cHLkiRI,0.1945882154882152
WFkhq40z348,0.19458035714285718
xEqCt7GZo7M,0.1944369999999999
nb5q4Co-eac,0.19432099999999994
pnKcqi0Wvys,0.19376600000000002
Xul7ku1XxRY,0.19356385714285693
1ShHf1Ym1h0,0.1935551839464881
y6B1uUpQM3E,0.19347099999999995
oZlJZ0BhXsA,0.19268739999999987
EtTi9TBRRNo,0.1926574712643679
Mq9dxmh6JiE,0.19263049999999995
M_FP7x322cc,0.19262692307692308
_ghJa9vhvSI,0.19220140845070421
wfZGngrCpys,0.19208919999999963
xKXxJcf6_IE,0.19171799999999997
q066h0yUoRA,0.19154379999999996
gQvHtXWlXDE,0.19113849999999985
xGuGjvIfof8,0.1910052000000001
LGAfo5unZaw,0.19072824999999988
MDe4hPh7dDU,0.19058859999999966
KCiahBMis1E,0.1902866666666667
Iv2lWZxzUj8,0.19028149999999983
mJSViC_Sx20,0.19016819999999998
eRDxDEhEgNY,0.19007899999999991
qbD_9zymEP0,0.18997557251908398
KZ6KpxURmks,0.1896983333333333
1L7JFN7tQLs,0.18968814285714267
08RHSZvixec,0.18942099999999987
LcZ2AuvxXNA,0.18927019999999992
ekaeJN9Sgu0,0.18906666666666663
A-sDCUXML2E,0.18869130434782608
cWIEF2Yc58w,0.1885155405405405
aLWLzUa2Qyk,0.1884547999999999
-cYk6sbe11c,0.18784183673469385
VX9IAt75P28,0.1878145999999998
uwukx6DGmW8,0.18781249999999997
u5wIuTTYqzI,0.1876329999999999
tSwWCJHHTGc,0.18672400000000003
pkWafXW55eA,0.18668905109489053
eS8Wkk7APZA,0.18624545454545452
CNwYcyRAl1Y,0.1861246666666666
64G7jEqX2vc,0.1857343333333331
-Ifnaxi2LQg,0.1856332857142854
ppGCbh8ggUs,0.18555600000000003
nMSq9CTPMD8,0.1854390000000001
fWfKfX9hXqc,0.18525549999999996
WFb0EDl-JS8,0.18450160000000013
1u5jO57eD-U,0.18427899999999986
eKjiJYkvKwQ,0.1839833333333334
uE_hF1R20rg,0.1838298701298701
HzzmqUoQobc,0.18382907268170415
xwNJA9qCCwo,0.18308170731707318
vugXtE96XuY,0.18288279999999962
ZB_g0QnYMkM,0.18285
BVzLwYYsPlY,0.1827878048780488
H9KaqCBEvvg,0.18275777777777782
DrIFxLhDylU,0.18263115577889452
StJTV8bx-jk,0.18231699999999992
MtOiRhapfFE,0.182206
TzyraAp3jaY,0.18217640000000002
G1VEccH7jJ8,0.18216050000000003
yZMt87ZdUbw,0.18198300000000006
scIizw2asro,0.18157774999999968
ah8SQNOXgrQ,0.18151
ml8Dj5OSR-M,0.18087319999999993
iXexmZm3_j8,0.1806814999999999
GmrFu7I-bBE,0.18063694779116457
VFM0UqX9MJ8,0.18058199999999977
GT0L3RWQNjw,0.18055566666666664
7xCQ4B40wOc,0.18040249999999997
7-z55AKa07U,0.180378
ZQK1F0wz6z4,0.18010715307582273
wQD1JvJZXdI,0.17989499999999994
5jRYB3nGxmc,0.17986161616161617
9zX2BQFZ_BI,0.1798129999999999
09xOyqOO1Eg,0.17921900000000002
UaXgj3qG2XI,0.17874433333333323
YMLLK844QII,0.1787249999999999
SHq2qrFUlGY,0.1777168571428569
JhA1Wi9mrns,0.17760949999999986
MGuUiaZWyWo,0.1773735999999998
3uxsHmxQBHA,0.17735859999999978
QKy1OazdMD0,0.1772515625
VX4MQYwAh80,0.17630925925925892
Ayb_2qbZHm4,0.17613899999999988
TV2HTSV3w40,0.1759422
X8Ijui33P6I,0.17578099999999997
bvomHFZO0mk,0.17569971428571432
66Wcyu73MAY,0.1756918918918919
S9vVoJV_YB8,0.175634375
YlQYciVYhVA,0.1755489583333334
RsG37JcEQNw,0.17525239999999997
FUBXKn1oP0g,0.17507260000000005
8bpaM9NeFrk,0.17495850340136035
ruRvc4huFkE,0.1747902499999997
uy1FAz6zrQE,0.17477066666666652
_oO0pd8VJjY,0.17472074999999979
b6utGZQ9Sks,0.17453899999999997
kWaJCOyORvI,0.17448179999999988
xcaeyJTx4Co,0.1743783999999999
P_X6hIyqUxA,0.17405979999999982
ktl2mLsSq4o,0.17382299999999998
B9SptdjpJBQ,0.1736909999999996
4An2AF2rWGk,0.1732425
lLN1FwiqGwc,0.17302039999999994
7V1J_MDi9Lg,0.1729319999999998
0Pz7DnHikLU,0.1728339999999999
srWtQnseRyE,0.17280199999999998
qEp3rwe3KmI,0.17280000000000004
-AJyaVduxCc,0.17256597938144327
rtL5oMyBHPs,0.1725569999999998
6IlVWeI_0yo,0.1725382978723404
BRhR9_tiPTo,0.172534
Zya-JNMJ62k,0.1722819999999996
8PDnSzf_TV8,0.17215399999999983
2ytdOm28qCg,0.17200200000000002
cWL4eiCR8FM,0.171937
t8sgy0faXyg,0.1719172857142855
HRNq5O2ieOs,0.17167399999999994
pTXLFFVSFhQ,0.1712010245901638
GLbJCklVVJU,0.17113766666666663
fmIGnd98DX4,0.17103399999999996
2YGrrsKs-Xg,0.17102600000000012
fAuUd1HiWe4,0.17092000000000007
Y8kAZAQ5dX0,0.1706587999999998
fTW7EgoKpSE,0.1706395348837209
Wp21hAL1mOU,0.16981079999999993
dpGMUuXJbGU,0.16950999999999997
Uc32z-wgxU4,0.16917499999999983
VH1RwkrHPvA,0.16901899999999992
TpwChyyyy4s,0.16887100000000005
BDw7rRaZ6GM,0.16884933333333332
iwm5-I9Ay8M,0.16881900000000008
0lDRz8qmXpE,0.16864833333333326
bvuQ0ZusV8Q,0.16851374999999993
ypXwioZXUrE,0.16838700000000006
TBJIAgiIHg4,0.1682939759036145
8QgMh02JvS8,0.16821949999999997
y_v-3_sPsRM,0.16813799999999995
QP6tdboJq70,0.168036
RyCDmg1JXcQ,0.16738775000000003
V_liC4y7alU,0.16730933333333314
sjlHnJvXdQs,0.1671403749999998
abeF5zQbQEM,0.16691733333333306
v_TJKwJwN0E,0.16653799999999994
LBLGo2y_BBU,0.16641399999999995
QtVL76gh09U,0.16616549999999977
PKdKzs0xS9c,0.16612699999999997
XM23h-eJ08A,0.16610224999999987
biKYH7o8j7k,0.16592799999999974
2m65xSqUWaI,0.16575050505050504
R7y6fm0XTpg,0.16549899999999987
50JL8DEeeS4,0.16526759776536307
vu_9muoxT50,0.16423600000000005
r8qWc9X4f6k,0.16422099999999987
xig77hiUHig,0.16409399999999988
idVu_7JcNo4,0.16379230769230768
vGwdgL-x78w,0.1636979166666667
jKInAMNrXRA,0.163503
VzPD009qTN4,0.1634978333333331
H0okA2gPt_Q,0.16349524999999987
GTawLgr1W0w,0.163416
iv1C0pEdhOg,0.16331333333333337
lNjwsz8bLLI,0.16313500000000009
RLmqKBRqyA8,0.16290602409638535
XKvXg2NlNZ4,0.16265099999999996
YQYslaA1Lus,0.162496
QH0fGSqow3c,0.16221333333333335
SYxzzqGhgEs,0.16215600000000002
Z-zdIGxOJ4M,0.16211300000000006
PNPMEQm_vAI,0.16205524999999976
wOskfnnbkdw,0.16169898989898981
ZaZ_GkB_d34,0.16166379310344828
h2K_SWpQtb4,0.1615705
ODssdet9XJ4,0.16144866666666657
GTbPlfRS_c4,0.16127999999999992
dpMFGr-wznc,0.16103679999999984
lv5uC6cfO5c,0.16096816666666636
3X3xtRNb20s,0.1609389999999998
ZpVhZ-om7UQ,0.16010000000000005
TTkzAiZ6YV0,0.1597317499999998
NPptT6BsnWQ,0.15963649999999988
hEdvvTF5js4,0.1594829999999999
K3U7Z94NHgg,0.15928979591836728
4k56sdESwHQ,0.15914039999999977
Ik15Y5lDeJw,0.1590059999999999
rdXaw4EFGdk,0.15895678391959797
FxElTWf7IEw,0.1589528776978417
eHq6ZA6uKOg,0.1589327485380117
lw-Xu7ZLD3w,0.158856
A-fofQ9VpPQ,0.15882828282828285
aawlU1IzuqI,0.15849074074074074
aVsOXRgjeeU,0.15842274999999983
Pp19TkIU_fw,0.15827976878612726
rJrwCJWq2cs,0.15788421052631577
CN4YL1KPDAA,0.1575863333333332
a-9IZz8Ry5I,0.1575409999999998
20yqGk-M-iI,0.15715119047619056
2jtDZXbN-_c,0.15706384615384622
Xtqr1C6eDmY,0.15699859999999985
zgLtEob6X-Q,0.15679142857142886
r9-DM9uBtVI,0.1566463333333332
IxI1iOi0t-c,0.15653699999999998
7esz7R9p_40,0.156459
pmLk6d33VpY,0.15593051546391723
ALae1tWyTS8,0.15563448275862074
XBGCYqRInM8,0.15551700000000002
ZagQci5qTSM,0.15551100000000007
470TG3AdA1A,0.15541318681318683
6x62O8A8qHw,0.1550544999999999
Y12lF3cYufo,0.15470250000000005
J_e77K4n6Ts,0.15436149999999998
kcTdfHXdRXo,0.15366539999999992
cpvUG_fo6lU,0.15323179999999986
IDvy0ybpOUI,0.153155
JpTdK2kn6TA,0.15305200000000005
i915IbJ5l_I,0.15283050000000006
APHgDFRpCi0,0.15279942857142845
9YyB6sQ4iwA,0.1527446666666666
yDDDJC3AYtA,0.1525543333333333
CYoRmfI0LUc,0.15254075000000014
9wRgNPdU7fQ,0.15243633333333334
CcoBJ-dEjGg,0.15221606425702802
9VjKMTwFXMw,0.1517493999999999
PmG4AYsPHfA,0.15171379999999982
xo2B67vz4HA,0.151658
Mw5T62dJzhQ,0.15164299999999997
T58NGMrUp0M,0.1515587499999999
EuvVOA8uvsc,0.15128799999999978
ob4tFhgAecw,0.151275
3TDk34hnSXc,0.15126774999999992
0bcHEsmmpzU,0.15106539999999996
Eef-1HLKgoQ,0.15102909698996647
_yt7xexSbfI,0.15097100000000002
zJqnpoJPDMM,0.15093599999999996
mjSwRwAqQA4,0.15088174999999995
a2B9pA8aGUc,0.15062499999999998
R42GHW6RY20,0.15051384615384622
eVIezLcwc7s,0.1504400000000001
fBR-MFpVKuc,0.15020239999999993
kMjuCx_kpiw,0.15003684210526316
FZrrfGfI3uM,0.14999724999999983
Q0O_5lVrMfs,0.14980733333333326
QB5JOnDYeHY,0.14978299999999997
ql0Op1VcELw,0.14976019999999984
a_MFkqMZTt4,0.14971500000000001
nOllkbo99SU,0.14956333333333333
O2pyRDQgVjk,0.14955674999999988
GO6qs83CHpc,0.14943599999999993
4AsSp0AhlBc,0.14913650793650793
5CZAmbA4SfU,0.1491253132832081
cqpg9IJ0jbg,0.14903818181818176
SmTvoFcy4_Q,0.14897999999999992
crY-q80MfJU,0.14891000000000001
aw28GKtWxBw,0.14871839999999992
5fYkPljB9Zk,0.14865839999999983
I_JtJHJ4384,0.14847500000000002
bxgFjzRW6EA,0.14826719999999993
5PJWCe92K1E,0.14817
Rg_Msa0CAqk,0.14813880000000001
bvev1Bjx6oA,0.14813349999999992
_dJbQayd4MQ,0.14807339999999997
LtJ60u7SUSw,0.14805923913043473
QC-cMv0e3Dc,0.1480382000000001
bp6uJJJMaLs,0.14778850000000002
g_PtkN3aYFo,0.14754800000000004
QBGaO89cBMI,0.14742699999999995
jsR0dclw060,0.1472984999999999
bO-cI25XaAk,0.14668780487804878
IFKkcaj0kAE,0.146537
gIE105f0ejg,0.14603439999999993
GSxeF68FRsk,0.145882
o3_byIkXF7Q,0.14573333333333344
AH0f3hesKjI,0.14570033333333327
kRW3Y-rgaOs,0.14562824999999996
XIQW-1JQDMA,0.14543033333333324
oh37J6qROrQ,0.14523924999999993
KQc7a_5G0pI,0.14464924999999984
zJqk0iM96iE,0.1445812499999999
dRVWX8L-kHg,0.14443437499999998
5hphhsrctwY,0.14385250000000005
2K57-24FnIM,0.14359159999999996
WvkrRBduZ84,0.14355447154471546
JJ5WP2BKigc,0.1434479999999999
PpGyVCu2n9g,0.14326404682274227
jK6BesOrfws,0.14325745393634823
eJB1gcydsbU,0.14316700000000002
cfSIC8jwbQs,0.14315133333333332
f4t5gCs8sUA,0.14286249999999998
EWng8GQ49Fg,0.14274049999999996
wd9-VP2LzM8,0.14255950000000003
Ca3rEOlAfpc,0.14173580000000005
IRGEpm1AXRM,0.1416037037037037
GuEQtn2nm9A,0.1414676666666666
v9ERab8P6Io,0.14141549999999997
bU7u_MhVvvo,0.14091067415730338
MdzGZv3zQ-U,0.14089899999999997
E7HqW6S-g7c,0.1408153333333332
Lf50KrdASTI,0.140782
EmjMWi0MBXQ,0.14067473684210527
J7MYJ8Kxhwc,0.1403483333333332
veqMs7SQteY,0.14014700000000002
D59v74k5flU,0.13985850000000002
03jeumSTSzc,0.1394631051752921
qCH73iQAZS4,0.13941459999999978
K1ZzzMiZGDI,0.1392521126760564
Q1eQw4ycgQM,0.13924825174825176
qtfMzdqifF0,0.13886019999999985
FqdsYn9TdWQ,0.13825374999999987
KHshdXDxR3c,0.1382343333333332
R1g07RpTPFE,0.13806491228070172
yTkFwujYZ3o,0.137905
T2W7UocH0Hs,0.13783999999999996
S9VIKOuZcds,0.137638
_bZlb62VVlw,0.13755783333333327
Bo-qp-Zu0OY,0.13751818181818182
omdov-S2tSA,0.13745849999999993
FgSSk7xLW9w,0.13687066666666656
PD7OWHNAUqY,0.13666900000000004
9QdaNUrq1EQ,0.13657750000000005
BnxkuaQxe9A,0.13616964285714286
vaAzCXxAoQE,0.1361547999999999
R1ZXOOLMJ8s,0.1357875
rOxL6UaZqw4,0.1357025
kxqeW4v350M,0.13541700000000004
gs9AV6BKh74,0.1350724999999999
8RQDPwODja4,0.13453619999999988
_4PLKxYZUPc,0.1342857999999999
UVwLjEK0jio,0.13396410256410257
5ggZ9jIHnr8,0.13313828571428563
AyiYuBCLTjc,0.13298993288590596
lse3oJfPPk4,0.132553355704698
csrYDgBF2nI,0.13244180602006683
I7TSzpDetTY,0.131669
_MEFyG-IE_I,0.13166424999999987
8kpD3XCp49o,0.13132475
Xx7sxWI9FNI,0.13115116666666668
brfJuyTADuQ,0.1309090000000001
2rki0cQ5V2U,0.13088343373493969
mUDQvKtkMwE,0.13038696741854633
x0GbpqxD42k,0.13032349999999995
uNnslXhf-zU,0.13025423728813557
Z6_0dJkjFAM,0.1301135
giIP0XdT7SA,0.129923
RVSSCN2ts_g,0.12987407407407406
Z28FY82ERmA,0.12972436974789908
2Q--XPdFfF4,0.129721
Ap5hoCTkTUM,0.12968399999999983
R-4a_mQQTpc,0.12953060000000002
CGN6QXv7sfs,0.12932284569138255
ERj3KafjfRk,0.12930833333333333
t5Q5uRIc26k,0.129207
DjKEZbe4V9M,0.1287384999999999
3qVHkOOyD5s,0.12872106824925814
h4JP6su_mio,0.12816950000000005
IRdrt8nPyy8,0.12816200000000008
JuYYsmQ2ulI,0.128033
o5xxIciBSME,0.12799819639278556
erjqKQaXgsw,0.12786699999999998
VSrEIdhrXB4,0.12776439999999997
BNJUsE7pEs4,0.12761180000000005
JU21shbaVBo,0.12754039999999994
yj7OZ602CM8,0.127519
H1--Pifm05Q,0.12718666666666667
HqHQFm5L6Zc,0.12708899999999976
3sdwibrYkUU,0.1268
eHV5gHeVgH0,0.12665287356321836
xzPRACH6YwE,0.12657000000000002
_uLmn_Dba08,0.12600550000000008
RM5ja5nr3UI,0.12590909090909091
E6PU9IvLJM0,0.12584849999999995
qznElIkZ1hc,0.12535800000000005
pT-zok786Yc,0.1247713333333333
QrNk6lHyDbk,0.12470000000000002
4MkC65emkG4,0.12425628571428557
pCHmqeHEybg,0.12413499999999986
Koxzz7LDmEE,0.12413024999999989
txvKrTplOVs,0.12387233333333322
xtsLwr9Ok7s,0.12362299999999996
3d9i_0Ty7Cg,0.1234122499999999
Ama7Dc1EgLM,0.12321499999999995
FBdyMBRcxeo,0.12291849999999992
6SaFJLHa-Vk,0.12291200000000005
e6eU61Y-UA0,0.12283333333333332
Mp_u8KvKg9I,0.122732
VdL-6VlaPls,0.12209047619047621
ZgCTlbQvcT8,0.12206200000000003
w8fAellnPns,0.12181819999999992
MeGyZJiB-FQ,0.12150939999999986
P9zl2o3zYkQ,0.12129466666666663
q68xUVH3qiM,0.12123659999999971
GGHIOGtHjYg,0.12114300000000001
wVD8ECqG2FM,0.12095700000000001
c3JbJmXInOs,0.1208478000000001
aeUyLiIlDVE,0.12070499999999998
d6a4AGg_TsI,0.11971625000000002
LHR2gzqUp5M,0.11969466666666664
uLP8rFrL1W0,0.11952699999999998
q8b5mciIDnA,0.11916575342465756
_cu4FHyCcT8,0.1187741999999999
k9VmfRBkUuM,0.11840234374999989
k1vE_LVBx4s,0.11839149999999997
DUFBEamEF0Q,0.11817699999999996
afXewnGZXKs,0.11813818181818177
uV002CSNDac,0.11730574999999992
UO0hIASuAqY,0.11699349999999996
mceaM2_zQd8,0.11657866666666666
Tm8LGxTLtQk,0.11648300000000006
368_ovPsJk8,0.11641120689655166
S_9OSktlm6s,0.11616019999999984
K5-f1Bnltu8,0.11586666666666656
n8t9yJIKkvM,0.11540400000000003
NCFO5eifDtg,0.11532799999999994
5pvkw5KkQuw,0.11465174999999997
EVp4-qjWVJE,0.11417350000000002
jY9xBAAa5fs,0.11394599999999992
A2cRZL70C0w,0.11390600000000003
nRGz2md8l28,0.11385019999999994
LrvnTWNATG0,0.11382846975088974
ILDy6kYU-xQ,0.113475
gDFZS0BVsBY,0.1134331666666666
dUBcP00TEWI,0.11332800000000001
TImAMCQbwJo,0.11266578947368427
IPWoD5Af7RE,0.11232619999999993
eUhGww8WyIo,0.11218299999999999
evdxH50J3rs,0.11201999999999998
FPRTN_r9IyM,0.11184502923976608
3y5A4paFOb4,0.11171266666666646
B_CHjYoqPUU,0.11158650000000007
T6x-kDiQsWM,0.11158633333333338
0ptNpGfMRCg,0.11139166666666651
efD3nmwF-IM,0.11133600000000009
3la8bsi4P-c,0.11084800000000006
5CHJbMnLPKw,0.11051299999999993
oKI4EAIcaLw,0.11045649999999997
0afzkLHTUK8,0.11041999999999998
mlxdnyfkWKQ,0.11041014285714279
oits7sq4nX0,0.11031960000000002
8NArIVIQ4BI,0.11016772575250827
a6sywFdvURE,0.10964799999999997
Jc8fBk_8iT0,0.10926428571428572
4gKhm09PKPQ,0.10877874999999987
mC1qPDqV6hM,0.10870481927710825
zEezFUb8Zz4,0.10854
dX72axAvIGc,0.108462
pe3KSYqPIgo,0.108405
t4or1t4iHK0,0.10757299999999992
xIhTtzJ-mj4,0.10731700000000007
M1nSzaWFTDE,0.10703575000000004
Ef93WmlEho0,0.10689349999999985
3Sjd4BVHdc8,0.10662923076923078
nImFZRtGeAQ,0.10651100000000005
CrwmpuwLBiI,0.10645100000000005
wGwsgf5CdxU,0.10633833333333327
yTVysPsX5ns,0.10630100000000003
jmc7aUVKCMA,0.10605424999999999
pV_5gjQ7lhk,0.10586049999999997
Tt-a61NG4XY,0.10578999999999995
XpVt6Z1Gjjo,0.10532074999999999
qR1EM-RIZNk,0.10508959999999988
eImtYyuQCZ8,0.10496050000000004
EHC6sYfF4cg,0.10493039999999995
i3-Nf3cxlmg,0.10485667808219176
a9ITIaKzG3A,0.1047615
TOI9DKsWMx4,0.10420769230769229
ONt_ajHfSiw,0.10418549999999999
pgCtsVdK4HA,0.10409274999999996
j8i18Wiaq7Q,0.103948
5NX-U36VDis,0.10363499999999984
BVKnt7H4zVc,0.10350250000000007
WAwRqecvMSY,0.10276100000000003
rRi8LptvFZY,0.1026877551020408
-s267WkYVoo,0.102335
9mAcJRFfAL0,0.10219850000000004
O4pFdLJmG7M,0.10188100000000003
PeUgWK0pUIA,0.1013885906040268
-JmNKGfFj7w,0.1010465
735_W3zsIw4,0.10071449999999998
9gBixJFcSJg,0.10068416666666669
BHMJ0LGZ5fA,0.10067916666666664
vJaUfpbEYIU,0.10052200000000006
1k_whpRADOE,0.09999272727272712
YKgY0zQnqcU,0.09994566666666664
ofzjzf_rhZc,0.09993959999999984
446dbFQEFJU,0.09988799999999999
_HTXMhKWqnA,0.09972574999999999
s3Hk_lDw5yo,0.09961100000000006
1QWLyi03twg,0.09916323751891058
eLdqkQWUVFI,0.099058
YYwB63YslbA,0.09868033333333336
iX6ScurPhCo,0.0985834170854271
KUH0KQ1qMiw,0.09825575000000003
kjNU-dbG3ek,0.09821349999999991
WtF4TUxIOZk,0.098079
LTnl36-0-zU,0.09806700000000004
0H3MirHyX2w,0.09802899999999996
ufaDurSCKOk,0.09669499999999999
v36OO-vZTQk,0.09669099999999999
j-JOG2mUt0c,0.09647750000000001
nft99BbsKwU,0.09639999999999997
-UAdFerZMWc,0.09623939393939394
6QZiqFAeK_g,0.0962
yl86_6Rr-mU,0.09617033333333337
ON3x2wWZLHk,0.09571100000000005
3WyD96Zq8Cw,0.09505
j4OWNMSOwbA,0.09497894736842107
SejINXtIWac,0.09486938775510204
L6wODNHi4qE,0.09467586206896551
WWexI9YiLSc,0.09450466666666671
_SRNenu07Lw,0.09428666666666666
DBxTCFDo0WM,0.09340119047619047
3hq2c9vdfls,0.093
B8G8m08G_yo,0.09297039999999997
ZYSjPZUqLdk,0.09288849999999998
4z4xoO-NGUg,0.0928422471910112
zqE-ultsWt0,0.09264639999999999
Y7tLoqNjkks,0.0926
7D4-49pkEWY,0.0923163265306122
jII6DYV_yPQ,0.092012
7Lyo5dCig-U,0.091949
3JYl1XREYLE,0.09193850000000005
Vh2WX2JNIFo,0.09098766666666666
yB9pN0H7saA,0.090855
_f2-88pyRtU,0.0904959899749373
Itd_DFAw8OE,0.090358
fSkTpKa5gbo,0.09023699999999998
DGlYMJRwevI,0.08982199999999996
d8U5funnyA8,0.08927100000000006
9y62mZn0LXQ,0.08917354709418833
lSsTCiC93WI,0.08850319999999988
IQisUbBljW0,0.08835019999999995
XQVwoImSnds,0.08810743801652894
9W0WPPpCFaM,0.08794600000000001
-cjfTG8DbwA,0.08768924999999998
odhMmAPDc54,0.08760700000000006
noVEvsozyug,0.08754959999999996
33Z-ix1VLzI,0.08706299999999996
G9ADVeNpypk,0.08686785714285716
xmhRIEqbKIY,0.08672133333333334
5JcZsNxT2BM,0.08632350000000003
Q0CbN8sfihY,0.08610279999999997
xlu6i6lT_vk,0.08573806343906497
GbhdRYQz9-0,0.0857361111111111
5GNcAkpN9tA,0.08555600000000002
_6Qbslgpw8U,0.08555366666666668
fJiaYnmUw60,0.08512772277227723
z5Wo-iF6lA8,0.08484666666666667
WYYvHb03Eog,0.08450349999999984
tfZvSS_f254,0.08427257525083612
JQAYFbcgf60,0.08407471264367815
1-mNxzvJSaQ,0.08361350000000004
Lf3ER5Ope_s,0.08344292929292936
PnaS9pQZqM0,0.08340100000000002
CAQ2wWVlOuc,0.0833784722222222
FN5n87Gj0LM,0.08334449999999997
QtANwxed36M,0.08324000000000002
zHdJwBrT3WA,0.08303499999999998
T_PuZBdT2iM,0.08287879999999993
YF6dNlhXaJ0,0.08278100000000001
Fzz-Pblbvqw,0.08260281690140837
PTXykKsrxpY,0.08245200000000001
-bQUBzPZHHQ,0.08229983333333332
evvVtqmvE5w,0.08183560000000006
cvk18vx-nrY,0.08152200000000002
JV1NB70gLQI,0.08151875000000003
IMG0u0_cKNc,0.08109349999999999
rJTkHGXMdb0,0.0810298
xU5-_EGfcHw,0.08100499999999998
00wQYmvfhn4,0.08096266666666671
h3M-3SrmDok,0.08084959999999995
658YZO_CmOk,0.08066433333333332
-zCYX0esYlo,0.08041066666666667
6l5P7jHUcjI,0.07994633333333326
_tHYuBw32z0,0.07967425000000007
DHYRxML2SpA,0.07939099999999996
wIml3h1rHVc,0.07938049999999999
8-M7WA1qX1g,0.07927299999999994
n54-eEvoMpg,0.07918400000000002
8hP6WROycAU,0.07870619999999988
2Hz4sDjXPQY,0.07843728222996517
ezgtjMfgxos,0.07822258064516129
W-8nCyXm03E,0.07812849999999988
RkBEEiG-wd4,0.07790775000000001
mkrTKyhONJ4,0.0773784999999999
a5F05Qpi6lM,0.07660180000000001
3E_fT0aTsjI,0.07659700000000001
81OBIsQoQIc,0.07611833333333334
yG-yfbDscbo,0.07604000000000001
Wb-6fhfAn2I,0.07584616666666663
3fILUAGw2mE,0.07568359999999999
aiUq5xksJy0,0.07533450000000007
VHG7mHKwQqA,0.07531543086172339
MFoODeZfSD0,0.07526550000000005
a41k9oJN0FI,0.07506859999999996
PUzXPm2CEBU,0.07488219178082191
QQVWMp_xgGg,0.07403557142857135
QQP6c_xLetk,0.07401899999999997
IMcVhfQfvow,0.07384099999999999
a2VRtAFqb4U,0.07367166666666662
bAon04ZJhHE,0.07345300000000003
C1wa2OyP_so,0.07309399999999999
bd7IGZ6dulM,0.07265225000000003
j0AoUB9Nqtw,0.07248631790744473
8oyf8Ecwo-Y,0.07233123595505621
G_SjnHwxWMU,0.07209019999999994
vpsP_cg8urU,0.071973
X9A8BpKZhKs,0.07165918367346938
oStLD-yYAy0,0.07046000000000001
YicuZ0gYH_o,0.07042024793388431
g9oCOSvYkWc,0.07032300000000002
ENskipCo-eQ,0.06942250000000001
UCrBICYM0yM,0.06863680000000003
YK53kxDdkiU,0.06840559796437656
tSLjM6cZaTo,0.06837100000000002
3e9tJJKBlwM,0.06813501006036217
p1RKkRCiU90,0.06812516666666658
8ndhidEmUbI,0.06751917024320453
zcqZHYo7ONs,0.06744399999999996
3VSa-oARk-w,0.0670473684210526
yNaLblrdflU,0.06638220000000002
N1bJ5Vv3iUg,0.06626800000000001
kqJaCoKQurc,0.06557700000000001
NFHAAtVkbpA,0.06516666666666669
xmZ1ppujkXg,0.06503233333333333
apskNjHtGh8,0.06495625
88IdVnUESJw,0.06495399999999997
30QPEkhcYeQ,0.06480799999999994
akGWOpcWfrQ,0.06476177285318555
ccLXx4DB8ZQ,0.06475325000000005
TF0TRv7Fw94,0.06441963927855718
c0FjpqLfGN8,0.06431566666666674
Hg6L_7qLIEQ,0.06409799999999997
2seypV_Jkjw,0.06368333333333331
z8N40PtsEw4,0.06264444444444443
BcYJ0CRyWaQ,0.062483000000000004
etmUU1bs41s,0.06240642857142849
V_U6czbDHLE,0.06234180000000001
--JinobXWPk,0.06035800000000004
sI6MZg0hkUk,0.06002663316582917
RA9gg4qBb30,0.05998946428571426
rQhynsjq_BQ,0.059925
-p6WWRarjNs,0.05974950000000002
Y61Q5w8qdSw,0.059737
TdH_NL35Nbw,0.05967016666666666
rHfyvSgvgoo,0.05955454545454546
CItEtnp3nPY,0.05931074380165289
JV-4Ehv1SFI,0.058663000000000035
5ywKal6-anc,0.058292000000000004
dYstFRuPz8A,0.058124666666666595
FTIStPerVNw,0.057155
hbfxFdl8B8M,0.057127000000000046
DaNNFSluQOY,0.05708283333333329
TngCi2s5rmk,0.056563999999999975
SNGWh_-R1VE,0.05647833333333333
lIY6zFL95hE,0.05616900000000004
z68frP9Q7XA,0.05551599999999999
86eoHaPREmE,0.05532100000000001
cNgT8qEQJ3w,0.05512635658914731
X7ld45pUueQ,0.05485400000000002
eqTTNgyJm-o,0.054427999999999976
9gpjRy3uDUM,0.05441240000000004
UpONjs5kLPc,0.054222727272727284
Ga1uiDaqMjQ,0.05406265560165981
cHbkEESIl7g,0.053733000000000024
0hLx_1Q15eY,0.05371329966329966
7Y-U9NN6-N4,0.053678750000000004
YSVlSmZWzm0,0.05348733333333334
UGUu7qhGh_k,0.053268499999999996
iK7lICvUhCI,0.053131000000000005
RJuqdTXhDX4,0.05276700000000009
vOkzPTAZ8-E,0.05217799999999998
OWRufUWhSwM,0.051752054794520545
5z3vPi7YhSA,0.05156785714285713
rjlXcMhQgPU,0.05095333333333333
S6eJbe5GyDo,0.050309499999999986
lLAmL6Tz59Y,0.04980425000000006
8wNr-NQImFg,0.04948175000000002
mFZiH4aEPJc,0.04938931297709924
EmlH7yRKmSY,0.04912224999999998
tlTKTTt47WE,0.048783200000000006
xRQGzS6Ce-g,0.04864850000000006
L3O6LocRoTo,0.048567
AApylcoF9jA,0.048547833333333304
OZAfse9Pb4c,0.048507499999999995
62cWuFjzOgs,0.04836964285714286
fiEYKSMcHAI,0.04794200000000003
4v38ugGj3u0,0.047712903225806444
A778dMvbrJg,0.04770050000000001
-wQLKMUWANg,0.04759066666666664
tqUKbEfW-B8,0.04720775
khRWGSllNKw,0.04698100000000002
nceSvKBjp5g,0.0468281524926687
KnE3055j-A0,0.04669583333333334
ZCQuasiJgYM,0.04663500000000002
C1i3ESnliMQ,0.04591800000000001
I4qv0c2-lfw,0.045639000000000006
SNCeopgkSAU,0.04504715719063546
T-IXvsQuogs,0.044984666666666694
1Q-ZREGfxTI,0.044772000000000006
_NlKTMvnjIc,0.04452850000000007
raNcTqw-I-o,0.04452099999999999
FILJznSr6fs,0.04422
NVvJ3t5eiTU,0.04355033333333336
-DGXHMOhXAw,0.04342499999999999
6lsPIlsbqsM,0.042624137931034485
ketCUtFpzNo,0.04207257525083609
uKQ8iy3U1lw,0.04187659999999999
jASAxU0Uqk4,0.041874
fUjicxMPDzs,0.0414866
c_weoC3HT6Q,0.04142933333333334
EwujR1ARsog,0.04130000000000001
TMy0vJfKvzI,0.04031799999999999
DyTlOIa6RLo,0.04026225000000003
VQTyRVBkeIw,0.04003833333333334
RtEvTmhVeQQ,0.039958
7qLrKUtV0Kw,0.039772839506172844
1NyMSWqIJDQ,0.03923750000000001
R6ja9qNmOaM,0.038955500000000004
gGILiLTenR8,0.03895320000000005
W_E9wivFlpE,0.03881440000000006
bu9e410C__I,0.03864699140401151
px1WIBaFseE,0.038617000000000005
S44YKdc3G3U,0.03812724999999999
6eHExt8C0qw,0.038073913043478264
ZcTvrxwP6Is,0.0375839357429719
cLPgQ9kPpFM,0.03743684210526316
_JxZOcu8TYw,0.03728125
0Rb2rr1vWpI,0.037214070351758784
H7H0ZWwWKCw,0.0371206
eoArC99zm1M,0.036809999999999996
xR6d8V5oh0o,0.036686363636363614
BdV0dkx2oik,0.03576100000000001
IN0PWfSZ3Fc,0.03543153153153152
xyDIy9ggcTc,0.03526046511627907
iptgKv3iApI,0.03516461538461539
J4QLJiv-Eo4,0.03496388888888888
GDIOfv643TM,0.034929797979797984
VC7ZqkV1_yw,0.03487300000000002
KCNvREKTnQc,0.034432173913043505
oEs0BP0i1Ro,0.03384800000000002
DGIZXFa3Zkw,0.03337520325203252
ZczwzVhai9E,0.03290414285714288
zTTaFg2Sq9Y,0.03287990314769975
Gv618mscv2I,0.032668571428571436
tVtsp_mASno,0.03260025000000002
c8xGJju2x20,0.03238914027149322
3QWQ4gN3j4E,0.03214999999999999
sxkP5m3RKQQ,0.0321037037037037
uxI-8GTqDYA,0.032033799999999994
pyZVUC5jeVw,0.032025
Iq13mG9l6o0,0.031893288590604016
LnxSTShwDdQ,0.031127999999999992
TLfwSd-tLcM,0.031045333333333324
5mgGrx8uaRQ,0.030307999999999984
MXtDj0eGhtw,0.02993575000000002
L87l9-2B0ug,0.029782000000000003
NoxKH_v8b-8,0.0294975
WQjO1mMCPg4,0.029413000000000016
5F_utV45MT0,0.028621999999999988
kaMKInkV7Vs,0.028516250000000007
7e4vFMJmBIc,0.028075499999999982
wmca2wWi1CM,0.02755525
dy5xLVx2NGY,0.02750854271356787
JvUGfF0iYtU,0.02737900000000001
upd8nVJr7lc,0.027376153846153835
jUrpOg4fBs0,0.027177044476327145
TNhyrPaGFYQ,0.026877500000000002
SLoQoYi3P5U,0.026791200000000032
GGm0FQ6i74U,0.025575999999999998
xMmyeKq4w8E,0.024611111111111115
TDskW3JvTAY,0.02446599999999999
SqUXhozARl4,0.023888321167883215
tTHMBjyzgEU,0.023644000000000002
2y7rk7eHHAM,0.02324900000000001
2iObySa91b0,0.023048897795591203
l864IBj7cgw,0.022571500000000008
MuhbA_bB418,0.022403010033444817
Z-ouLX8Q9UM,0.022337000000000006
ScmJvmzDcG0,0.021885599999999995
w58C1Vu10Is,0.021757200000000004
p-xtcaAOTEE,0.021666666666666667
qiUKuZQRsWo,0.02124500000000001
WStmFKp1x3g,0.021028400000000023
XAA8LOWEY9Y,0.02098301886792451
xyNX4eH17uA,0.020597000000000004
2HcqS508lIo,0.020477666666666665
4KAfi8-2tVg,0.02026024096385543
3GOjf9ZGnIQ,0.019998571428571425
Q0gTpASrRpI,0.019994501018329974
WIWlRbpO9RU,0.019910000000000018
9EBgaxFfDA0,0.019799999999999988
Ah3V4S15Lyc,0.019213500000000005
Hhg7Cv50SWY,0.018394444444444453
82t9Tk9dUHs,0.01823766666666669
kCKTmL5Hn-M,0.018019499999999997
LDcm6twPEJA,0.017817
bgc2rSzKA3w,0.01781157894736842
j6cv-6WuDK0,0.017254500000000002
b7tp_AvS2aA,0.017066000000000005
ao21eJgsF1w,0.016865600000000012
s7u5igc-lFg,0.016511499999999985
AR4UgRJOUQY,0.016478999999999994
PInMw_UmlHQ,0.01635866666666667
c1QGynzVbs4,0.016115000000000018
5mdk5oz6l3w,0.015275000000000007
dtqlSPt4z20,0.015132400000000013
jjb77v3LX_s,0.014585000000000002
L00YWl8StuI,0.014404666666666666
LnuUkfwqz3c,0.014193333333333334
9chSjcOM5og,0.013731499999999994
ICqTZeiimpk,0.013478
GoJsr4IwCm4,0.011921499999999995
czeMrUoy8kw,0.011627499999999982
DAOrRCeCK-w,0.0115865
rlxqaVi7eNw,0.011492452830188675
RfG7VvIrk-c,0.011243749999999999
MRNqDbd2rdE,0.011057620041753688
B2B0GMtowmU,0.01047703180212014
YaTxVflKDQw,0.010318
OMW_dPtm7Bo,0.009870666666666658
dE9-DgGYZRU,0.009701499999999995
unIkqhB2nA0,0.009608666666666673
mPjgRKW_Jmk,0.009333889816360628
sOfbbmUh8CA,0.009207
iBViC-fEdm0,0.008671000000000002
PlTRnF7KlV4,0.008634000000000001
O3D8d2QNShY,0.008571999999999996
k1gVVnv_om4,0.008198757763975162
q2KehxKQ3Zk,0.008187999999999999
mks_6HlK4Kk,0.008068200000000001
_F-vmhCq6uw,0.007551249999999998
Auu9Sxxt5is,0.007550599999999995
S6Mnl6kocLw,0.006184000000000016
NWwBpOUkx9g,0.006040816326530608
pfQ09sKITss,0.005834000000000002
B7YaMkCl3XA,0.0052685618729097035
mrTHfBCduRA,0.004897999999999996
iA86imHKCMw,0.004388250000000021
XSCneVakGGk,0.0039733333333333365
FzebOysQeL4,0.0034749999999999937
nFxUU519P7U,0.0032679999999999983
CzYM4ZpSDJg,0.0031444999999999976
8Wb9KYnNxUc,0.0030612334801762087
ufE-HaySXSg,0.002876749999999998
KJboCFa4iVQ,0.0025000000000000243
FwT9nx8GHxE,0.0024045
bY8-TUD3_Zo,0.0018140000000000096
r8jWAvF3rcE,0.001297600000000001
sD6RIeNP41I,0.0009779999999999982
OlI8r3nNUVw,0.0006162857142857146
yBt9zuvZxIc,0.00015498938428874513
1Sm8A-u1vIA,9.487179487178205e-05
7Ag2oDIeLvo,0.0
p7sooI96zPI,0.0
Oz88_p125uM,0.0
BfxOimRxXvU,0.0
k8LF_FU2luY,0.0
tbDr_zAcM5g,0.0
EZaPeQ2dxh8,0.0
mShBE_wHAk8,0.0
jzr49a04olU,0.0
k5qKGNeRb68,0.0
1KCZHHMZVGQ,-0.0003959758551307898
hkA2a4_tNOs,-0.00039950000000000456
oePt4JgdyZo,-0.0008260000000000007
rDkhmTCWssc,-0.0008277777777777884
JcI8yn7xQWo,-0.001255000000000016
HzIB6TC1Ghw,-0.0013542500000000152
KMZ2vfIoA9k,-0.0017494999999999872
vpcDYc_4gV4,-0.0030524999999999936
Zr22PtGd1So,-0.00397822784810126
xtEQkOp8mZ0,-0.004624657534246571
M2Kwpy2ot6k,-0.004738333333333333
AzWiUQEdJOo,-0.004986999999999997
DyLE5nI6bXw,-0.005078787878787892
A8QQBRIqZmw,-0.005204500000000001
e21VLQGCJTg,-0.005247599999999998
Eat7nKj_30o,-0.0059028862478777465
F5D1x-OtGME,-0.006258749999999996
h9ga9lHtcXM,-0.0070592216582064295
8vb8E7QTSCU,-0.007075925925925915
NSFXDaMFUN4,-0.007428671328671326
6u9LNN9HwC4,-0.0074477999999999905
E-NxvaVWjBM,-0.007480000000000007
YhrOkyCju9k,-0.007625806451612905
_lnPimlBnk4,-0.00872225
akGrh6ui_gc,-0.008933000000000019
o6H0OPgg1qA,-0.009141749999999983
DOz4H0jlthc,-0.009171071428571436
hNsUtZmWgdg,-0.009524999999999994
Alp_a88C8dY,-0.009826500000000002
Hx9Juyi_uAw,-0.010264406779661022
cLdxuaxaQwc,-0.010773216520650811
8bSCIUAeLis,-0.011788923076923074
vSDCb3bdFlw,-0.011923255813953487
lwOQbMcXtfU,-0.013084999999999987
8d2Xw8BaoG8,-0.013121333333333325
8bNXD4q5FCE,-0.013413636363636355
L9IDqn-qt98,-0.013487203791469188
ioFUoNlWR1o,-0.013951937984496123
qPDZZj6By3Y,-0.013992499999999998
74zJ4scJzNs,-0.014276394849785386
lUFpahcEOX8,-0.014434936708860759
9lzPw4EOqto,-0.014616080402010047
CDfhFfKSohc,-0.015615492957746474
GDrudkqrgIA,-0.016664372469635622
QAouuVo-WO0,-0.01687653846153847
l7yxJDFvTRM,-0.017361199999999997
_VSVLmBO7yI,-0.017599999999999977
BalEqNEEv2M,-0.01773499999999999
I0Se3ce433Q,-0.018084666666666676
Uq0764L5kcY,-0.019082926829268283
ZVPTxFZTQis,-0.01964066666666665
vb_hwwmiKvQ,-0.019854545454545455
oQyKpOJhUKY,-0.020076
qdWUQGHtyPk,-0.02037174999999998
iTRWe2XGEGA,-0.02045919282511211
LunHybOKIjU,-0.02060012499999999
PJZOghDtOCM,-0.022786956521739125
c2BcR39AtxE,-0.023472799999999985
KGQTkWJ5mU4,-0.02359381270903009
OY_cUBpDoiI,-0.024561000000000006
R00hChXPBE8,-0.024596999999999994
4dp31MWMjeM,-0.025207092198581568
-q47sHA4eAo,-0.02577739999999997
qbRKHpE-30Y,-0.02615824999999999
87r1IvEI51c,-0.0263611111111111
5IP8jQNXDOo,-0.026711999999999993
WfjZ1otkS3o,-0.027681574539363485
7Hf1sDPY85A,-0.02781100000000001
J0sg_Au8zX8,-0.02799655172413796
dInwVhRtN4E,-0.029331857142857118
u5U0q-hh5B4,-0.029611000000000002
XlXBLvT9Vj0,-0.02995800000000001
f8Ej3RVz-Bk,-0.030276
S5Esa9L4nvE,-0.030759999999999992
jXj6c7bmxII,-0.03160300000000001
UkMZJrbCRdQ,-0.03325079999999998
W-97_yKHQHg,-0.033814035087719296
4MEv1k9aQXA,-0.03397061403508771
iKYQN5xMRQg,-0.03424700000000001
s8GrGvjhz0s,-0.03623188647746246
v90yrcg6q9I,-0.03646199999999996
6qCqrODw1nM,-0.036931000000000005
iALfvFpcItE,-0.03737902298850573
VcMuDnnaBvw,-0.03759739999999998
lduyitPDQjY,-0.037664500000000004
vGVK4ibMI-Y,-0.038075689223057645
9j9RrWgo5rE,-0.03819799999999999
jehAZhrI7oA,-0.03825699999999999
-Egtbs-go4Q,-0.038880000000000005
HPRQwI5uvBM,-0.039155271565495184
xNddRhpx5tA,-0.03919540000000006
RaKxVWJxA2U,-0.039376500000000016
TmVu7Sn7hZw,-0.040919200000000044
MiZCudqoFAU,-0.041468249999999963
rGi2b25Bx0I,-0.041543820224719114
URvC6T_xhE0,-0.042290999999999995
k9bYO7uSnrg,-0.04242916666666668
hOFRbjjjwCE,-0.04339449999999997
VsXu80J31uc,-0.04462274999999994
CWvmvCewANI,-0.04527699999999999
k7XFlD5dzZQ,-0.04530000000000001
QX6_UViEpOg,-0.0468763333333333
qRoVlH1OcI4,-0.046932100840336145
lfPvOEN5vaA,-0.04696633333333334
MNst7laHZGg,-0.048079999999999984
NzRuDD0iYC0,-0.04840300000000001
uHYNSaW6Ttw,-0.05000333333333334
TQKWC37ful4,-0.05042760180995475
-Denciie5oA,-0.054592333333333326
fCh5TVGaTSg,-0.05726363636363637
hRRnKJwbrcw,-0.057496
KFUIVfKTeVg,-0.057894648829431405
Z4QcwsEbKyo,-0.05904999999999998
iB9YvFfTkuM,-0.059359428571428584
j9UGpBZz7WU,-0.059525333333333305
TDuE0y_4Vl0,-0.059654838709677444
PGfSaVDymjk,-0.060482999999999995
9sjLzdix70w,-0.06084028056112223
ruYeBXudsds,-0.060972500000000006
2eAuJIGlp9I,-0.06273474999999996
lOSt_GdaS0s,-0.06340800000000002
0ceNfXrccbQ,-0.06347720588235291
F5Ma-1A-NS0,-0.06384960000000002
Ilekd7_Kodw,-0.0640383333333333
WJfeapsCnPI,-0.06410899999999999
GpAuCG6iUcA,-0.0647415
Sg3DfyDkln0,-0.06553584905660378
XSLc0d5aM04,-0.06565814285714296
efJ1xZJDZlI,-0.06740312499999998
htpR770aP2k,-0.06811600000000005
nZtpLKCoUWg,-0.07135799999999994
Ie50Nw9NkOk,-0.0716
qJJHhVf3_ZM,-0.07175300000000001
vHDtNBh6aHs,-0.07180166666666662
86pvsOPUmD4,-0.07197272727272729
ip6YrQt-dp8,-0.07290000000000002
xwW0VfkFljE,-0.07298666666666662
BqL9T0_ClUg,-0.0731594
xGqMGGn3Sko,-0.07444899999999999
rn5Xgak1zzA,-0.075023
ktmcO3lVuPc,-0.07551981132075473
2t4gy3oAx7I,-0.0755305
2VXWgIOPgmw,-0.07580233333333332
E5Hfl6Nqw3Q,-0.07597300000000003
LpZqwLZP5Vs,-0.07631212121212122
Oo0NJsr5m4I,-0.07654703656998753
kmgsC68hIL8,-0.07698750000000001
NJ2asQtT014,-0.07711268781302182
FRjPEOPr6pA,-0.07968018867924528
kEUfrSxTQ1s,-0.07980476190476189
4WvKeYuwifc,-0.0798846
nGM76g5Hvfg,-0.080229
xch78xg1DVc,-0.08216444444444447
CMfo-s9izIc,-0.08217600000000001
LRuLYXsl_A4,-0.08457272727272726
equByOb9j5E,-0.08471849999999995
w-n3qiLeVqg,-0.08599071428571432
AVr5wYZJv9M,-0.08658088235294117
3QzUSSKfEeA,-0.09015775000000009
XLNLPIRS62g,-0.0901666
07bHQFWCKIw,-0.09137575757575757
7_HboVYEkWw,-0.09252066666666661
M16CGK1T9MM,-0.0925411428571429
mPvNt7PB6dE,-0.09280166666666669
X_PZvUM8P_U,-0.09386224999999991
S9_fwmdCyzo,-0.09418181818181819
GMFnJln3IEA,-0.09437111111111114
Ni5Uc-DdMqk,-0.09465265486725667
tetLuLLWxKM,-0.09539999999999998
zrOHeEA14kQ,-0.09562208835341368
ermfn4zyosw,-0.0979299120234604
ORmSlRu8vvQ,-0.0982073619631902
IP81Je7APoQ,-0.09821924999999998
_qb4_uvYSG0,-0.09851833333333336
H1YGg8nYkv0,-0.10032704507512535
CiHV9oFXFzY,-0.10045882352941177
mGqR9sgMIyA,-0.10212400000000002
C25qzDhGLx8,-0.10407399999999996
vrcG-SckgJk,-0.10530149999999998
4yCkkOvIkUI,-0.10539473684210524
KQWzIETlBw8,-0.10674371257485037
ETR9qrVS17g,-0.10974666666666659
Du2iFOoTaE0,-0.1099505
tv19Sd9dS38,-0.1099915
4X6a3G_0HjY,-0.11020162500000001
0Yhaei1S5oQ,-0.11086049999999997
qAPx7N1jr_I,-0.11236600000000002
1ZNZY-gd3K0,-0.11363600000000006
bUUt0v4ziG4,-0.11445381165919279
uBGECC5U09Q,-0.11580633333333339
X7WFMUq5ECE,-0.11644549999999994
7Z14Rc1vR7U,-0.11686666666666667
Pxojz6grwcU,-0.11688499999999998
PHXkhUJWTXM,-0.11824303797468351
J5b_-TZwQ0I,-0.11849959919839682
eig-wx_83Do,-0.11992713754646855
PKv4LdN_JYs,-0.12183539999999997
xItHZZ3bvhY,-0.12332099999999999
IDXBKvaoXHc,-0.12347525252525253
0PKthlZtLDo,-0.12427379999999985
LGGi7IVl4Sc,-0.12454285714285712
XPqko6Q0lpE,-0.1253165000000001
exuhr8R2AHw,-0.12709919137466322
_Jn3urgf7zg,-0.12766799999999998
JudqBA5is6M,-0.12774252873563216
SPZFN6VFFow,-0.12907833333333338
i29zfPUHRAQ,-0.12959999999999997
H4_o4thCQpY,-0.12975140562249
6JV_q-vrfBw,-0.13657350000000001
mnKPEsbTo9s,-0.13672933333333337
FyN_fIc0-VY,-0.13697499999999999
z1g7n0QZvvE,-0.13762916666666672
l_uNfGY3v8E,-0.13853699999999994
41dUEWlH1Ks,-0.138579
Ez95rPffd8k,-0.13895449999999995
-PQBaYuvujw,-0.14205700000000004
a6V-fKcW5YI,-0.1438544000000001
J_OyB0k-IVg,-0.14465782828282836
x2btprEvdgg,-0.14781899999999998
oWDy7_W9cpM,-0.1493233333333333
6Vb6Z9i5sHs,-0.15049725000000008
yAZwhN-WKGg,-0.15067019230769238
VFODNI4DBDI,-0.1547897999999999
MfbNXanrhGA,-0.1552551724137933
9eea7_7OBZQ,-0.15549999999999997
4xbFVdoRzLQ,-0.15867824999999997
3iYOBuyS97A,-0.15913333333333335
OFzoFhRlEnY,-0.15925700000000012
YqqJFqj5xQQ,-0.1595455149501661
oKzFGhlFqqE,-0.16088906474820158
iZFWRi3npiA,-0.16092443729903533
rfMJ-DylWBs,-0.16109539999999994
AjioF-ZFDHQ,-0.16190000000000002
aNlUKzO1ThY,-0.162221
Z-LmHjkN2EU,-0.16254525
oSV39tYy3Xg,-0.16399090909090908
ge0fLnC_WNc,-0.16419999999999998
jiRAinnkfwI,-0.16445
tteLMfFDCb4,-0.16577049999999996
fhYYdeAC3BI,-0.16617200000000015
9fgtEM8-VTI,-0.16973149999999995
N0lsMVNXZJY,-0.17008033333333336
etOa8-pFow4,-0.17177190635451509
CuXq1hOa8_Y,-0.17234339999999995
Ri4xPHGS5f8,-0.17244231738035273
cCqS5X_zu-g,-0.17488600508905852
Vgme9O6YZI8,-0.18001275167785238
RXzHRnK8Ta0,-0.1811305
dN9hA7J79VI,-0.18192650000000007
QtHg9jQtBII,-0.18298799999999996
pcnlLwwR5x4,-0.18319999999999997
MxxxlutsKuI,-0.18729722222222225
QWtGGoHT4H8,-0.18997999999999998
tUXLO8Dtvq4,-0.1901399999999999
ORSMs7lZtdY,-0.1907852500000001
uqoFsqOJYCg,-0.19384166666666686
HpxsQ1_UAec,-0.19472857142857142
yBXDLfgGKQM,-0.19481300000000004
pRnbzkMsgmM,-0.1948873333333333
2xTuOYNrVmw,-0.19549938461538452
Rxz8TnJT1kE,-0.20095441176470585
q9o_VjdugHw,-0.21392500000000003
nnTcCS07DKQ,-0.21683400000000008
NMRvbg-denE,-0.21736454849498335
TaxAsHhex10,-0.22004199999999993
-otJ1LJGzcc,-0.22112239999999997
zkIrbVycAeM,-0.22326828046744576
byA77xkQBEE,-0.22714119999999965
D3bj3PH7PGg,-0.22989900000000005
cOboLQMO4tQ,-0.23046621621621619
00P112HXoK0,-0.23303599999999997
0TMHdsFYDOo,-0.2334181999999999
LoMhBo8ATBM,-0.23482800000000004
CEdAjI801Wo,-0.23966666666666667
c5RsAXsZvI8,-0.2411
u2SwpuwU0NM,-0.24772099999999997
TP0PsCb371E,-0.2547110000000001
HFXwHcFyU_M,-0.2557
nBAvUSZSEf8,-0.25870175
hw1RrmlrTtM,-0.25905258764607675
D6oaRAgdslE,-0.261565
Fpt3ImXIImY,-0.26673207547169814
z5eG8fD-hQw,-0.2694847826086957
eLhPdGZaotQ,-0.27115
7wwTAo01AKs,-0.27356733333333333
OlIeFVVXRpc,-0.2851084999999998
EYi1YUNOguk,-0.29403799999999997
lCZCWjzQUM8,-0.29847700000000005
88wD_C_m9gM,-0.30065624999999996
rKOaloQ5rnA,-0.3387371428571429
4RPso1_xMYk,-0.34950294117647057
-3AGlBYyLjo,-0.36307500000000004
I5rD1_rxG5c,-0.47657941176470575
jLa9wZHiqxg,-0.4975
2bOeaS1wREE,-0.5046666666666667
HjfN2Phsfng,-0.5073
